CASES	LEFT	NODE	RIGHT	TRANSLATION	INCLUSION	TRANSLATION_NODE	CXN_ENG	CXN_IDN	TRANSLATION_POS	VOICE_ENG	VOICE_IDN	CLAUSE_TYPE_ENG	FINITENESS_ENG	ROLE_ENG_THIEF	SYN_ENG_THIEF	LEX_ENG_THIEF	SEM_ENG_THIEF	ANIMACY_ENG_THIEF	ROLE_ENG_TARGET	SYN_ENG_TARGET	LEX_ENG_TARGET	SEM_ENG_TARGET	TYPE_ENG_TARGET	ANIMACY_ENG_TARGET	ROLE_ENG_GOODS	LEX_ENG_GOODS	SEM_ENG_GOODS	ANIMACY_ENG_GOODS	SYN_ENG_GOODS	ROLE_IDN_THIEF	SYN_IDN_THIEF	LEX_IDN_THIEF	SEM_IDN_THIEF	ANIMACY_IDN_THIEF	ROLE_IDN_TARGET	SYN_IDN_TARGET	LEX_IDN_TARGET	SEM_IDN_TARGET	TYPE_IDN_TARGET	ANIMACY_IDN_TARGET	ROLE_IDN_GOODS	LEX_IDN_GOODS	SEM_IDN_GOODS	ANIMACY_IDN_GOODS	SYN_IDN_GOODS
1	Because everybody else	robs	banks.	Karena orang lain merampas bank.	NA	merampas	TARGET-OBJ	TARGET-OBJ	verb	AV	AV	declarative	TRUE	TRUE	AV_gr_subj	everybody	HUMAN	animate	TRUE	direct_object	bank	PLACE	source	inanimate	FALSE	NA	NA	NA	NA	TRUE	AV_gr_subj	orang	HUMAN	animate	TRUE	direct_object	bank	PLACE	source	inanimate	FALSE	NA	NA	NA	NA
3	Mr. A always	robs	in disguise..	Mr. A selalu ngerampok dengan menyamar..	NA	ngerampok	INTR	INTR	verb	AV	AV	declarative	TRUE	TRUE	AV_gr_subj	Mr. A	HUMAN	animate	FALSE	NA	NA	NA	NA	NA	FALSE	NA	NA	NA	NA	TRUE	AV_gr_subj	Mr. A	HUMAN	animate	FALSE	NA	NA	NA	NA	NA	FALSE	NA	NA	NA	NA
6	Don't confuse that with	robbing	, which means the removal of the barrow's contents.	Jangan bingung bahwa dengan merampok, yang berarti penghapusan dari isi barrow.	NA	merampok	NOMINAL	NOMINAL	verb	NOMINAL	AV	imperative	FALSE	FALSE	NA	NA	NA	NA	FALSE	NA	NA	NA	NA	NA	FALSE	NA	NA	NA	NA	FALSE	NA	NA	NA	NA	FALSE	NA	NA	NA	NA	NA	FALSE	NA	NA	NA	NA
8	And you're accusing them of	robbing	?	Dan kalian menuduh mereka merampok?	NA	merampok	NOMINAL	NOMINAL	verb	NOMINAL	AV	interrogative	FALSE	TRUE	Non-SUBJ_MainClause_DO-with-PP-gerund-modif	them	HUMAN	animate	FALSE	NA	NA	NA	NA	NA	FALSE	NA	NA	NA	NA	TRUE	AV_gr_subj_in_SubCl	mereka	HUMAN	animate	FALSE	NA	NA	NA	NA	NA	FALSE	NA	NA	NA	NA
10	Well, like	robbing	a bank?	Yah, seperti merampok bank?	NA	merampok	TARGET-OBJ	TARGET-OBJ	verb	NOMINAL	AV	interrogative	FALSE	FALSE	NA	NA	NA	NA	TRUE	direct_object	bank	PLACE	source	inanimate	FALSE	NA	NA	NA	NA	FALSE	NA	NA	NA	NA	TRUE	direct_object	bank	PLACE	source	inanimate	FALSE	NA	NA	NA	NA
11	But there's a bit fucking difference between hearing about a bank robbery and actually	robbing	a bank.	Tapi ada sedikit perbedaan antara mendengar tentang perampokan bank dan benar-benar merampok bank.	NA	merampok	TARGET-OBJ	TARGET-OBJ	verb	NOMINAL	AV	declarative	FALSE	FALSE	NA	NA	NA	NA	TRUE	direct_object	bank	PLACE	source	inanimate	FALSE	NA	NA	NA	NA	FALSE	NA	NA	NA	NA	TRUE	direct_object	bank	PLACE	source	inanimate	FALSE	NA	NA	NA	NA
12	We're	robbing	a casino?	Kita akan merampok sebuah kasino?	NA	merampok	TARGET-OBJ	TARGET-OBJ	verb	AV	AV	interrogative	TRUE	TRUE	AV_gr_subj	we	HUMAN	animate	TRUE	direct_object	casino	PLACE	source	inanimate	FALSE	NA	NA	NA	NA	TRUE	AV_gr_subj	kita	HUMAN	animate	TRUE	direct_object	kasino	PLACE	source	inanimate	FALSE	NA	NA	NA	NA
13	Got sent to the rock for	robbing	a grocery store.	Dikirim untuk merampok sebuah toko kelontong.	NA	merampok	TARGET-OBJ	TARGET-OBJ	verb	NOMINAL	AV	declarative	FALSE	FALSE	NA	NA	NA	NA	TRUE	direct_object	grocery store	PLACE	source	inanimate	FALSE	NA	NA	NA	NA	FALSE	NA	NA	NA	NA	TRUE	direct_object	toko	PLACE	source	inanimate	FALSE	NA	NA	NA	NA
14	Bad enough you got us	robbing	a military base, now we got to worry about all these motherfucking Rambos killing our asses.	Cukup buruk kau buat kita merampok pangkalan militer, sekarang kita harus khawatirkan semua Rambo itu membunuhi kita.	NA	merampok	TARGET-OBJ	TARGET-OBJ	verb	NOMINAL	AV	declarative	FALSE	TRUE	AV_gr_subj_in_SubCl	us	HUMAN	animate	TRUE	direct_object	military base	PLACE	source	inanimate	FALSE	NA	NA	NA	NA	TRUE	AV_gr_subj_in_SubCl	kita	HUMAN	animate	TRUE	direct_object	pangkalan	PLACE	source	inanimate	FALSE	NA	NA	NA	NA
18	He was just	robbing	banks then.	Saat itu ia hanya merampok bank.	NA	merampok	TARGET-OBJ	TARGET-OBJ	verb	AV	AV	declarative	TRUE	TRUE	AV_gr_subj	he	HUMAN	animate	TRUE	direct_object	bank	PLACE	source	inanimate	FALSE	NA	NA	NA	NA	TRUE	AV_gr_subj	ia	HUMAN	animate	TRUE	direct_object	bank	PLACE	source	inanimate	FALSE	NA	NA	NA	NA
20	I think it's a miracle she's not	robbing	banks with the Symbionese Liberation Army.	Aku pikir adalah sebuah keajaiban dia tidak merampok Bank Dengan kelompok Symbionese Liberation Army.	NA	merampok	TARGET-OBJ	TARGET-OBJ	verb	AV	AV	declarative	TRUE	TRUE	AV_gr_subj	she	HUMAN	animate	TRUE	direct_object	bank	PLACE	source	inanimate	FALSE	NA	NA	NA	NA	TRUE	AV_gr_subj	dia	HUMAN	animate	TRUE	direct_object	bank	PLACE	source	inanimate	FALSE	NA	NA	NA	NA
23	And all I was doing was	robbing	Clem of whatever life she was gonna have left.	Dan yang aku lakukan adalah merampas Clem dari kehidupan apapun yang akan dia tinggalkan	NA	merampas	TARGET-OBJ	TARGET-OBJ	verb	NOMINAL	AV	declarative	FALSE	TRUE	AV_gr_subj_in_RelCl	I	HUMAN	animate	TRUE	direct_object	Clem	HUMAN	victim	animate	TRUE	life	ABSTRACTION	inanimate	PP_complement	TRUE	AV_gr_subj_in_RelCl	aku	HUMAN	animate	TRUE	direct_object	Clem	HUMAN	victim	animate	TRUE	kehidupan	ABSTRACTION	inanimate	PP_complement
25	Somebody's	robbing	from us?	Seseorang merampas uang kami?	NA	merampas	TARGET-PP	GOODS-OBJ	verb	AV	AV	interrogative	TRUE	TRUE	AV_gr_subj	somebody	HUMAN	animate	TRUE	PP_complement	us	HUMAN	victim	animate	FALSE	NA	NA	NA	NA	TRUE	AV_gr_subj	seseorang	HUMAN	animate	TRUE	possessive_determiner	kami	HUMAN	victim	animate	TRUE	uang	ASSETS	inanimate	direct_object
26	He thinks the blockade is a figment of my imagination, and that I'm somehow deliberately	robbing	him of glory.	Dia pikir blokade adalah bagian dari imajinasi gue , dan bahwa gue entah bagaimana sengaja merampok kemuliaan .	NA	merampok	TARGET-OBJ	GOODS-OBJ	verb	AV	AV	declarative	TRUE	TRUE	AV_gr_subj	I	HUMAN	animate	TRUE	direct_object	him	HUMAN	victim	animate	TRUE	glory	ABSTRACTION	inanimate	PP_complement	TRUE	AV_gr_subj	gue	HUMAN	animate	FALSE	direct_object	NA	NA	NA	NA	TRUE	kemuliaan	ABSTRACTION	inanimate	direct_object
29	Yo, I'm not	robbing	no banks with you guys, all right?	Yo, aku tak akan merampok bank bersama kalian, oke?	NA	merampok	TARGET-OBJ	TARGET-OBJ	verb	AV	AV	declarative	TRUE	TRUE	AV_gr_subj	I	HUMAN	animate	TRUE	direct_object	bank	PLACE	source	inanimate	FALSE	NA	NA	NA	NA	TRUE	AV_gr_subj	aku	HUMAN	animate	TRUE	direct_object	bank	PLACE	source	inanimate	FALSE	NA	NA	NA	NA
38	We	robbing	the bank.	Kami merampok bank.	NA	merampok	TARGET-OBJ	TARGET-OBJ	verb	NOMINAL	AV	declarative	FALSE	TRUE	AV_gr_subj	we	HUMAN	animate	TRUE	direct_object	bank	PLACE	source	inanimate	FALSE	NA	NA	NA	NA	TRUE	AV_gr_subj	kami	HUMAN	animate	TRUE	direct_object	bank	PLACE	source	inanimate	FALSE	NA	NA	NA	NA
47	"""- Are you"	robbing	us?	"""- Apakah Anda merampok kami?"	NA	merampok	TARGET-OBJ	TARGET-OBJ	verb	AV	AV	interrogative	TRUE	TRUE	AV_gr_subj	you	HUMAN	animate	TRUE	direct_object	us	HUMAN	victim	animate	FALSE	NA	NA	NA	NA	TRUE	AV_gr_subj	Anda	HUMAN	animate	TRUE	direct_object	kami	HUMAN	victim	animate	FALSE	NA	NA	NA	NA
48	I want the guy who's	robbing	us.	Aku menginginkan orang yg merampok kami.	NA	merampok	TARGET-OBJ	TARGET-OBJ	verb	AV	AV	declarative	TRUE	TRUE	AV_gr_subj_in_RelCl	guy	HUMAN	animate	TRUE	direct_object	us	HUMAN	victim	animate	FALSE	NA	NA	NA	NA	TRUE	AV_gr_subj_in_RelCl	orang	HUMAN	animate	TRUE	direct_object	kami	HUMAN	victim	animate	FALSE	NA	NA	NA	NA
53	I got	robbed	, and you need to cancel the emergency credit card.	Saya dirampok , dan Anda perlu untuk membatalkan kartu kredit darurat .	NA	dirampok	TARGET-SUBJ-PASS	TARGET-SUBJ-PASS	verb	PASS	PASS	declarative	TRUE	FALSE	NA	NA	NA	NA	TRUE	passive_subject	I	HUMAN	victim	animate	FALSE	NA	NA	NA	NA	FALSE	NA	NA	NA	NA	TRUE	passive_subject	saya	HUMAN	victim	animate	FALSE	NA	NA	NA	NA
55	And the guy you	robbed	, I know told you he was.	Dan cowok yang dirampok, Aku tahu bilang dia.	NA	dirampok	TARGET-OBJ	TARGET-SUBJ-PASS	verb	AV	PASS	declarative	TRUE	TRUE	AV_gr_subj	you	HUMAN	animate	TRUE	direct_object	guy	HUMAN	victim	animate	FALSE	NA	NA	NA	NA	FALSE	NA	NA	NA	NA	TRUE	passive_subject	cowok	HUMAN	victim	animate	FALSE	NA	NA	NA	NA
56	You could've	robbed	, stolen, cheated.. anything.	Kau bisa saja merampok, mencuri, mencurangi.. semuanya.	NA	merampok	INTR	INTR	verb	AV	AV	declarative	TRUE	TRUE	AV_gr_subj	you	HUMAN	animate	FALSE	NA	NA	NA	NA	NA	FALSE	NA	NA	NA	NA	TRUE	AV_gr_subj	kau	HUMAN	animate	FALSE	NA	NA	NA	NA	NA	FALSE	NA	NA	NA	NA
57	The bank's been	robbed	", the town is dry ""We'll die of thirst,"" the people cry"	"Bank dirampok, kota jadi kering ""Kami mati kehausan,"" jeritan warga"	NA	dirampok	TARGET-SUBJ-PASS	TARGET-SUBJ-PASS	verb	PASS	PASS	declarative	TRUE	FALSE	NA	NA	NA	NA	TRUE	passive_subject	bank	PLACE	source	inanimate	FALSE	NA	NA	NA	NA	FALSE	NA	NA	NA	NA	TRUE	passive_subject	bank	PLACE	source	inanimate	FALSE	NA	NA	NA	NA
58	I got	robbed	!	Aku dicopet!	NA	dicopet	TARGET-SUBJ-PASS	TARGET-SUBJ-PASS	verb	PASS	PASS	declarative	TRUE	FALSE	NA	NA	NA	NA	TRUE	passive_subject	I	HUMAN	victim	animate	FALSE	NA	NA	NA	NA	FALSE	NA	NA	NA	NA	TRUE	passive_subject	aku	HUMAN	victim	animate	FALSE	NA	NA	NA	NA
60	All this happened because you were afraid you were gonna be	robbed	?	Jadi semua ini terjadi karena kau takut dirampok?	NA	dirampok	TARGET-SUBJ-PASS	TARGET-SUBJ-PASS	verb	PASS	PASS	interrogative	TRUE	FALSE	NA	NA	NA	NA	TRUE	passive_subject	you	HUMAN	victim	animate	FALSE	NA	NA	NA	NA	FALSE	NA	NA	NA	NA	TRUE	passive_subject	kau	HUMAN	victim	animate	FALSE	NA	NA	NA	NA
62	What if we can rip off that train, and no one ever knows it got	robbed	?	Bagaimana jika kita bisa rampok kereta itu, dan tidak ada yang pernah tahu pernah dirampok?	NA	dirampok	TARGET-SUBJ-PASS	TARGET-SUBJ-PASS	verb	PASS	PASS	interrogative	TRUE	FALSE	NA	NA	NA	NA	TRUE	passive_subject	it	PLACE	source	inanimate	FALSE	NA	NA	NA	NA	FALSE	NA	NA	NA	NA	TRUE	passive_subject	kereta	VEHICLE	source	inanimate	FALSE	NA	NA	NA	NA
64	When did you get	robbed	?	"""- Kapan kau dirampok?"	NA	dirampok	TARGET-SUBJ-PASS	TARGET-SUBJ-PASS	verb	PASS	PASS	interrogative	TRUE	FALSE	NA	NA	NA	NA	TRUE	passive_subject	you	HUMAN	victim	animate	FALSE	NA	NA	NA	NA	FALSE	NA	NA	NA	NA	TRUE	passive_subject	kau	HUMAN	victim	animate	FALSE	NA	NA	NA	NA
66	"""- I got"	robbed	.	/ Aku dirampok.	NA	dirampok	TARGET-SUBJ-PASS	TARGET-SUBJ-PASS	verb	PASS	PASS	declarative	TRUE	FALSE	NA	NA	NA	NA	TRUE	passive_subject	I	HUMAN	victim	animate	FALSE	NA	NA	NA	NA	FALSE	NA	NA	NA	NA	TRUE	passive_subject	aku	HUMAN	victim	animate	FALSE	NA	NA	NA	NA
71	Blagged,	robbed	.	Dipatil, Dirampok.	NA	dirampok	NA	NA	verb	PASS	PASS	declarative	FALSE	FALSE	NA	NA	NA	NA	FALSE	NA	NA	NA	NA	NA	FALSE	NA	NA	NA	NA	FALSE	NA	NA	NA	NA	FALSE	NA	NA	NA	NA	NA	FALSE	NA	NA	NA	NA
72	"""- You think you'll get"	robbed	.	/ Kau panik. Kau mengira akan dirampok./ Siapa yang merampok?	NA	dirampok	TARGET-SUBJ-PASS	TARGET-SUBJ-PASS	verb	PASS	PASS	declarative	TRUE	FALSE	NA	NA	NA	NA	TRUE	passive_subject	you	HUMAN	victim	animate	FALSE	NA	NA	NA	NA	FALSE	NA	NA	NA	NA	TRUE	passive_subject	kau	HUMAN	victim	animate	FALSE	NA	NA	NA	NA
73	A bank has been	robbed	.	Bank telah dirampok.	NA	dirampok	TARGET-SUBJ-PASS	TARGET-SUBJ-PASS	verb	PASS	PASS	declarative	TRUE	FALSE	NA	NA	NA	NA	TRUE	passive_subject	bank	PLACE	source	inanimate	FALSE	NA	NA	NA	NA	FALSE	NA	NA	NA	NA	TRUE	passive_subject	bank	PLACE	source	inanimate	FALSE	NA	NA	NA	NA
77	Well, if you must know, I was	robbed	.	Kalau kau mau tahu, aku dirampok.	NA	dirampok	TARGET-SUBJ-PASS	TARGET-SUBJ-PASS	verb	PASS	PASS	declarative	TRUE	FALSE	NA	NA	NA	NA	TRUE	passive_subject	I	HUMAN	victim	animate	FALSE	NA	NA	NA	NA	FALSE	NA	NA	NA	NA	TRUE	passive_subject	aku	HUMAN	victim	animate	FALSE	NA	NA	NA	NA
78	"""-I got"	robbed	.	"""- Aku dirampok."	NA	dirampok	TARGET-SUBJ-PASS	TARGET-SUBJ-PASS	verb	PASS	PASS	declarative	TRUE	FALSE	NA	NA	NA	NA	TRUE	passive_subject	I	HUMAN	victim	animate	FALSE	NA	NA	NA	NA	FALSE	NA	NA	NA	NA	TRUE	passive_subject	aku	HUMAN	victim	animate	FALSE	NA	NA	NA	NA
79	"""- The bank with your money was"	robbed	.	"""- Bank yang menyimpan uang mu dirampok."	NA	dirampok	TARGET-SUBJ-PASS	TARGET-SUBJ-PASS	verb	PASS	PASS	declarative	TRUE	FALSE	NA	NA	NA	NA	TRUE	passive_subject	bank	PLACE	source	inanimate	TRUE	money	ASSETS	inanimate	PP_complement	FALSE	NA	NA	NA	NA	TRUE	passive_subject	bank	PLACE	source	inanimate	TRUE	uang	ASSETS	inanimate	direct_object_in_RelClause
80	Half the folks I talked to don't even remember being	robbed	.	Setengah orang-orang yg ku tanyakan bahkan tidak ingat dirampok.	NA	dirampok	TARGET-SUBJ-PASS	TARGET-SUBJ-PASS	verb	PASS	PASS	declarative	FALSE	FALSE	NA	NA	NA	NA	TRUE	passive_subject	folks	HUMAN	victim	animate	FALSE	NA	NA	NA	NA	FALSE	NA	NA	NA	NA	TRUE	passive_subject	orang	HUMAN	victim	animate	FALSE	NA	NA	NA	NA
82	Perhaps it is because I'm expecting to be	robbed	.	Karena aku berharap untuk dirampok.	NA	dirampok	TARGET-SUBJ-PASS	TARGET-SUBJ-PASS	verb	PASS	PASS	declarative	FALSE	FALSE	NA	NA	NA	NA	TRUE	passive_subject	I	HUMAN	victim	animate	FALSE	NA	NA	NA	NA	FALSE	NA	NA	NA	NA	TRUE	passive_subject	aku	HUMAN	victim	animate	FALSE	NA	NA	NA	NA
84	Wait one week. I got	robbed	.	Beri aku waktu seminggu, rumahku kemalingan.	NA	kemalingan	TARGET-SUBJ-PASS	TARGET-SUBJ-PASS	verb	PASS	PASS	declarative	TRUE	FALSE	NA	NA	NA	NA	TRUE	passive_subject	I	HUMAN	victim	animate	FALSE	NA	NA	NA	NA	FALSE	NA	NA	NA	NA	TRUE	passive_subject	rumah	PLACE	source	inanimate	FALSE	NA	NA	NA	NA
85	I'm saying we were	robbed	.	Saya bilang kita dirampok.	NA	dirampok	TARGET-SUBJ-PASS	TARGET-SUBJ-PASS	verb	PASS	PASS	declarative	TRUE	FALSE	NA	NA	NA	NA	TRUE	passive_subject	we	HUMAN	victim	animate	FALSE	NA	NA	NA	NA	FALSE	NA	NA	NA	NA	TRUE	passive_subject	kita	HUMAN	victim	animate	FALSE	NA	NA	NA	NA
86	Yesterday Big Belly Burger got	robbed	.	Kemarin, Big Belly Burger dirampok.	NA	dirampok	TARGET-SUBJ-PASS	TARGET-SUBJ-PASS	verb	PASS	PASS	declarative	TRUE	FALSE	NA	NA	NA	NA	TRUE	passive_subject	Big Belly Burger	PLACE	source	inanimate	FALSE	NA	NA	NA	NA	FALSE	NA	NA	NA	NA	TRUE	passive_subject	Big Belly Burger	PLACE	source	inanimate	FALSE	NA	NA	NA	NA
90	We kind of got	robbed	...	Kita baru saja dirampok ...	NA	dirampok	TARGET-SUBJ-PASS	TARGET-SUBJ-PASS	verb	PASS	PASS	declarative	TRUE	FALSE	NA	NA	NA	NA	TRUE	passive_subject	we	HUMAN	victim	animate	FALSE	NA	NA	NA	NA	FALSE	NA	NA	NA	NA	TRUE	passive_subject	kita	HUMAN	victim	animate	FALSE	NA	NA	NA	NA
92	"Listen to this. ""A pair of Mafia social clubs have been"	robbed	~	"Dengarkan ini. ""Sepasang Mafia klub sosial telah dirampok"	NA	dirampok	TARGET-SUBJ-PASS	TARGET-SUBJ-PASS	verb	PASS	PASS	declarative	TRUE	FALSE	NA	NA	NA	NA	TRUE	passive_subject	social clubs	PLACE	source	inanimate	FALSE	NA	NA	NA	NA	FALSE	NA	NA	NA	NA	TRUE	passive_subject	klub sosial	PLACE	source	inanimate	FALSE	NA	NA	NA	NA
93	The same hour that three elderly gentlemen	robbed	2.3 million dollars from the Williamsburg Savings Bank.	Saat yang sama bahwa tiga pria tua Mereka mencuri $ 2,3 juta Williamsburg Bank Tabungan.	NA	mencuri	GOODS-OBJ	GOODS-OBJ	verb	AV	AV	declarative	TRUE	TRUE	AV_gr_subj	gentlemen	HUMAN	animate	TRUE	PP_complement	bank	PLACE	source	inanimate	TRUE	N dollars	ASSETS	inanimate	direct_object	TRUE	AV_gr_subj	mereka	HUMAN	animate	TRUE	nominal_modifier	bank	PLACE	source	inanimate	TRUE	N dollars	ASSETS	inanimate	direct_object
97	Two nights ago in Vegas, The Horsemen seemingly	robbed	a bank in Paris...	2 hari lalu di Vegas , Para Pesulap ini merampok bank di Paris...	NA	merampok	TARGET-OBJ	TARGET-OBJ	verb	AV	AV	declarative	TRUE	TRUE	AV_gr_subj	The Horsemen	HUMAN	animate	TRUE	direct_object	bank	PLACE	source	inanimate	FALSE	NA	NA	NA	NA	TRUE	AV_gr_subj	Para Pesulap	HUMAN	animate	TRUE	direct_object	bank	PLACE	source	inanimate	FALSE	NA	NA	NA	NA
98	Two years ago, he	robbed	a bank, popped a guard and the bank manager and walked out with two million in cash and bearer bonds.	dua tahun yang lalu, dia merampok bank, menyandra penjaga dan manager bank dan berjalan keluar dengan dua juta langsung dan surat obligasi.	NA	merampok	TARGET-OBJ	TARGET-OBJ	verb	AV	AV	declarative	TRUE	TRUE	AV_gr_subj	he	HUMAN	animate	TRUE	direct_object	bank	PLACE	source	inanimate	FALSE	NA	NA	NA	NA	TRUE	AV_gr_subj	dia	HUMAN	animate	TRUE	direct_object	bank	PLACE	source	inanimate	FALSE	NA	NA	NA	NA
99	You just	robbed	a bank!	Kau baru saja merampok bank!	NA	merampok	TARGET-OBJ	TARGET-OBJ	verb	AV	AV	declarative	TRUE	TRUE	AV_gr_subj	you	HUMAN	animate	TRUE	direct_object	bank	PLACE	source	inanimate	FALSE	NA	NA	NA	NA	TRUE	AV_gr_subj	kau	HUMAN	animate	TRUE	direct_object	bank	PLACE	source	inanimate	FALSE	NA	NA	NA	NA
103	Someone matching Cole's description just	robbed	a drugstore.	Ada yang mencocokkan deskripsi Cole yang baru saja merampok toko obat di Queens.	NA	merampok	TARGET-OBJ	TARGET-OBJ	verb	AV	AV	declarative	TRUE	TRUE	AV_gr_subj	someone	HUMAN	animate	TRUE	direct_object	drugstore	PLACE	source	inanimate	FALSE	NA	NA	NA	NA	TRUE	AV_gr_subj_in_RelCl	Cole	HUMAN	animate	TRUE	direct_object	toko	PLACE	source	inanimate	FALSE	NA	NA	NA	NA
104	I	robbed	a gas station with a toy gun.	Aku merampok SPBU dengan pistol mainan.	NA	merampok	TARGET-OBJ	TARGET-OBJ	verb	AV	AV	declarative	TRUE	TRUE	AV_gr_subj	I	HUMAN	animate	TRUE	direct_object	gas station	PLACE	source	inanimate	FALSE	NA	NA	NA	NA	TRUE	AV_gr_subj	aku	HUMAN	animate	TRUE	direct_object	SPBU	PLACE	source	inanimate	FALSE	NA	NA	NA	NA
105	They say he	robbed	a liquor store, but he didn't.	Mereka bilang dia merampok toko miras, tapi tidak.	NA	merampok	TARGET-OBJ	TARGET-OBJ	verb	AV	AV	declarative	TRUE	TRUE	AV_gr_subj	he	HUMAN	animate	TRUE	direct_object	liquor store	PLACE	source	inanimate	FALSE	NA	NA	NA	NA	TRUE	AV_gr_subj	dia	HUMAN	animate	TRUE	direct_object	toko	PLACE	source	inanimate	FALSE	NA	NA	NA	NA
106	We think he	robbed	a mail hack Tuesday down on the Poteau River.	Kami menduga dia merampok pengantar surat di Poteau River.	NA	merampok	TARGET-OBJ	TARGET-OBJ	verb	AV	AV	declarative	TRUE	TRUE	AV_gr_subj	he	HUMAN	animate	TRUE	direct_object	mail hack	HUMAN	victim	animate	FALSE	NA	NA	NA	NA	TRUE	AV_gr_subj	dia	HUMAN	animate	TRUE	direct_object	pengantar surat	HUMAN	victim	animate	FALSE	NA	NA	NA	NA
109	After doing time for robbery, before three years passed, he	robbed	again.	Setelah melakukan pencurian, sebelum tiga tahun berlalu, dia mencuri lagi.	NA	mencuri	INTR	INTR	verb	AV	AV	declarative	TRUE	TRUE	AV_gr_subj	he	HUMAN	animate	FALSE	NA	NA	NA	NA	NA	FALSE	NA	NA	NA	NA	TRUE	AV_gr_subj	dia	HUMAN	animate	FALSE	NA	NA	NA	NA	NA	FALSE	NA	NA	NA	NA
110	After they have	robbed	all the rich men, they will turn to the county government offices.	Setelah mereka merampok orang kaya, mereka akan beralih ke kantor-kantor pemerintah kabupaten .	NA	merampok	TARGET-OBJ	TARGET-OBJ	verb	AV	AV	declarative	TRUE	TRUE	AV_gr_subj	they	HUMAN	animate	TRUE	direct_object	men	HUMAN	victim	animate	FALSE	NA	NA	NA	NA	TRUE	AV_gr_subj	mereka	HUMAN	animate	TRUE	direct_object	orang	HUMAN	victim	animate	FALSE	NA	NA	NA	NA
112	My son	robbed	and killed Zeke, as you know.	Putraku merampok dan membunuh Zeke, kau tahu itu.	NA	merampok	TARGET-OBJ	TARGET-OBJ	verb	AV	AV	declarative	TRUE	TRUE	AV_gr_subj	my son	HUMAN	animate	TRUE	direct_object	Zeke	HUMAN	victim	animate	FALSE	NA	NA	NA	NA	TRUE	AV_gr_subj	putraku	HUMAN	animate	TRUE	direct_object	Zeke	HUMAN	victim	animate	FALSE	NA	NA	NA	NA
115	Well, all I know is there's a diner being	robbed	and your brother's in the thick of it.	aku tahu disana ada restoran ya dirampok. dan saudaramu ada didalamnya.	NA	dirampok	TARGET-SUBJ-PASS	TARGET-SUBJ-PASS	verb	PASS	PASS	declarative	FALSE	FALSE	NA	NA	NA	NA	TRUE	passive_subject	diner	PLACE	source	inanimate	FALSE	NA	NA	NA	NA	FALSE	NA	NA	NA	NA	TRUE	passive_subject	restoran	PLACE	source	inanimate	FALSE	NA	NA	NA	NA
120	You	robbed	her? We realized our mistake, and we returned her necklace.	Kau merampoknya? jadi kami sudah kembalikan kalungnya.	NA	merampok	TARGET-OBJ	TARGET-OBJ	verb	AV	AV	interrogative	TRUE	TRUE	AV_gr_subj	you	HUMAN	animate	TRUE	direct_object	her	HUMAN	victim	animate	FALSE	NA	NA	NA	NA	TRUE	AV_gr_subj	kau	HUMAN	animate	TRUE	encliticised_direct_object	-nya	HUMAN	victim	animate	FALSE	NA	NA	NA	NA
121	I'm being	robbed	here!	Aku dirampok disini!	NA	dirampok	TARGET-SUBJ-PASS	TARGET-SUBJ-PASS	verb	PASS	PASS	declarative	TRUE	FALSE	NA	NA	NA	NA	TRUE	passive_subject	I	HUMAN	victim	animate	FALSE	NA	NA	NA	NA	FALSE	NA	NA	NA	NA	TRUE	passive_subject	aku	HUMAN	victim	animate	FALSE	NA	NA	NA	NA
122	Look, instead he's dead, and someone	robbed	him of what's ours... much better.	Tapi dia mati dan ada yang merampok... benda milik kita, itu jauh lebih baik.	NA	merampok	TARGET-OBJ	GOODS-OBJ	verb	AV	AV	declarative	TRUE	TRUE	AV_gr_subj	someone	HUMAN	animate	TRUE	direct_object	him	HUMAN	victim	animate	TRUE	what's ours	ASSETS	inanimate	PP_complement	TRUE	AV_gr_subj_in_RelCl	yang	HUMAN	animate	TRUE	possessive_determiner	kita	HUMAN	victim	animate	TRUE	benda	ASSETS	inanimate	direct_object
123	Rivals	robbed	his bank last year.	Saingannya mencuri uangnya tahun lalu.	NA	mencuri	TARGET-OBJ	GOODS-OBJ	verb	AV	AV	declarative	TRUE	TRUE	AV_gr_subj	rivals	HUMAN	animate	TRUE	direct_object	bank	PLACE	source	inanimate	FALSE	NA	NA	NA	NA	TRUE	AV_gr_subj	saingannya	HUMAN	animate	TRUE	possessive_determiner	-nya	HUMAN	victim	animate	TRUE	uang	ASSETS	inanimate	direct_object
124	We	robbed	his banks and were hunted as outlaws.	{f: Verdana{s:24}{c:$FFFFFF}Mereka merampok Bank mereka, {f:	NA	merampok	TARGET-OBJ	TARGET-OBJ	verb	AV	AV	declarative	TRUE	TRUE	AV_gr_subj	we	HUMAN	animate	TRUE	direct_object	bank	PLACE	source	inanimate	FALSE	NA	NA	NA	NA	TRUE	AV_gr_subj	mereka	HUMAN	animate	TRUE	direct_object	bank	PLACE	source	inanimate	FALSE	NA	NA	NA	NA
127	Exactly! I feel like I'm watching myself get	robbed	in broad daylight!	Aku merasa kerampokan di depan mataku sendiri di siang bolong!	NA	kerampokan	TARGET-SUBJ-PASS	TARGET-SUBJ-PASS	verb	PASS	PASS	declarative	FALSE	FALSE	NA	NA	HUMAN	NA	TRUE	passive_subject	I	HUMAN	victim	animate	FALSE	NA	NA	NA	NA	FALSE	NA	NA	NA	NA	TRUE	passive_subject	aku	HUMAN	victim	animate	FALSE	NA	NA	NA	NA
133	You forget they	robbed	me of mine.	Kau lupa mereka mengambil pikiranku.	NA	mengambil	TARGET-OBJ	GOODS-OBJ	verb	AV	AV	declarative	TRUE	TRUE	AV_gr_subj	they	HUMAN	animate	TRUE	direct_object	me	HUMAN	victim	animate	TRUE	mine	ASSETS	inanimate	PP_complement	TRUE	AV_gr_subj	mereka	HUMAN	animate	TRUE	possessive_determiner	-ku	HUMAN	victim	animate	TRUE	pikiran	ABSTRACTION	inanimate	direct_object
134	Vronsky has	robbed	me of my cloak and I will give him my coat.	Vronsky telah merampas jubahku, Aku akan memberinya mantel.	NA	merampas	TARGET-OBJ	GOODS-OBJ	verb	AV	AV	declarative	TRUE	TRUE	AV_gr_subj	Vronsky	HUMAN	animate	TRUE	direct_object	me	HUMAN	victim	animate	TRUE	cloak	GARMENT	inanimate	PP_complement	TRUE	AV_gr_subj	Vronsky	HUMAN	animate	TRUE	possessive_determiner	-ku	HUMAN	victim	animate	TRUE	jubah	GARMENT	inanimate	direct_object
137	"""- You"	robbed	me of my prime.	"""- Anda merampok saya."	NA	merampok	TARGET-OBJ	TARGET-OBJ	verb	AV	AV	declarative	TRUE	TRUE	AV_gr_subj	you	HUMAN	animate	TRUE	direct_object	me	HUMAN	victim	animate	TRUE	prime	ABSTRACTION	inanimate	PP_complement	TRUE	AV_gr_subj	Anda	HUMAN	animate	TRUE	direct_object	saya	HUMAN	victim	animate	FALSE	NA	NA	NA	NA
142	That's two women who	robbed	me. Where is she?	Berarti dua wanita yang merampokku.	NA	merampok	TARGET-OBJ	TARGET-OBJ	verb	AV	AV	interrogative	TRUE	TRUE	AV_gr_subj_in_RelCl	women	HUMAN	animate	TRUE	direct_object	me	HUMAN	victim	animate	FALSE	NA	NA	NA	NA	TRUE	AV_gr_subj_in_RelCl	wanita	HUMAN	animate	TRUE	encliticised_direct_object	-ku	HUMAN	victim	animate	FALSE	NA	NA	NA	NA
147	Emergency announcement: The 6 criminals who	robbed	nova bank were involved in a standoff with police and arrested. 2 were killed.	Pengumuman Darurat, 6 penjahat yang merampok Bank Nova terlibat dalam pertikaian dengan polisi dan ditangkap. 2 tewas.	NA	merampok	TARGET-OBJ	TARGET-OBJ	verb	AV	AV	declarative	TRUE	TRUE	AV_gr_subj_in_RelCl	criminals	HUMAN	animate	TRUE	direct_object	bank	PLACE	source	inanimate	FALSE	NA	NA	NA	NA	TRUE	AV_gr_subj_in_RelCl	penjahat	HUMAN	animate	TRUE	direct_object	bank	PLACE	source	inanimate	FALSE	NA	NA	NA	NA
151	We're like kids	robbed	of our own country.	Kita seperti anak-anak dirampok negara kita sendiri.	NA	dirampok	TARGET-SUBJ-PASS	TARGET-SUBJ-PASS	verb	PASS	PASS	declarative	TRUE	FALSE	NA	NA	NA	NA	TRUE	passive_subject	kids	HUMAN	victim	animate	TRUE	country	HUMAN	inanimate	PP_complement	TRUE	NA	negara	PLACE	inanimate	TRUE	passive_subject	anak-anak	HUMAN	victim	animate	FALSE	NA	NA	NA	NA
152	Or because he just got	robbed	of two million dollars at gunpoint.	Atau karena ia baru saja dirampok dua juta dolar di bawah todongan senjata.	NA	dirampok	TARGET-SUBJ-PASS	TARGET-SUBJ-PASS	verb	PASS	PASS	declarative	TRUE	FALSE	NA	NA	NA	NA	TRUE	passive_subject	he	HUMAN	victim	animate	TRUE	N dollars	ASSETS	inanimate	PP_complement	FALSE	NA	NA	NA	NA	TRUE	passive_subject	ia	HUMAN	victim	animate	TRUE	N dollars	ASSETS	inanimate	oblique
156	Something Sonia Bern kept in the bank that was	robbed	over the weekend.	Sesuatu Sonia Bern disimpan di bank yang dirampok selama akhir pekan.	NA	dirampok	TARGET-SUBJ-PASS	TARGET-SUBJ-PASS	verb	PASS	PASS	declarative	TRUE	FALSE	NA	NA	NA	NA	TRUE	passive_subject	bank	PLACE	source	inanimate	FALSE	NA	NA	NA	NA	FALSE	NA	NA	NA	NA	TRUE	passive_subject	bank	PLACE	source	inanimate	FALSE	NA	NA	NA	NA
157	Then you should've thought about that before you	robbed	people!	Seharusnya kau memikirkan itu sebelum kau merampok orang lain!	NA	merampok	TARGET-OBJ	TARGET-OBJ	verb	AV	AV	declarative	TRUE	TRUE	AV_gr_subj	you	HUMAN	animate	TRUE	direct_object	people	HUMAN	victim	animate	FALSE	NA	NA	NA	NA	TRUE	AV_gr_subj	kau	HUMAN	animate	TRUE	direct_object	orang	HUMAN	victim	animate	FALSE	NA	NA	NA	NA
158	A jewelry factory was	robbed	Repeated rumors live shots	Sebuah pabrik perhiasan dirampok rumor berulang hidup tembakan	NA	dirampok	TARGET-SUBJ-PASS	TARGET-SUBJ-PASS	verb	PASS	PASS	declarative	TRUE	FALSE	NA	NA	NA	NA	TRUE	passive_subject	factory	PLACE	source	inanimate	FALSE	NA	NA	NA	NA	FALSE	NA	NA	NA	NA	TRUE	passive_subject	pabrik	PLACE	source	inanimate	FALSE	NA	NA	NA	NA
159	Some coincidence, I mean, you asking to have your party here, and Hunt getting	robbed	right next door and by the same guy who rescued us at the warehouse.	Sungguh kebetulan, Maksudku, kau minta pestanya diadakan di sini. Dan Hunt dirampok tepat di seberang kita oleh orang yang sama yang menyelamatkan kita.	NA	dirampok	TARGET-SUBJ-PASS	TARGET-SUBJ-PASS	verb	PASS	PASS	declarative	TRUE	TRUE	passive_AGENT	guy	HUMAN	animate	TRUE	passive_subject	Hunt	HUMAN	victim	animate	FALSE	NA	NA	NA	NA	TRUE	passive_AGENT	orang	HUMAN	animate	TRUE	passive_subject	Hunt	HUMAN	victim	animate	FALSE	NA	NA	NA	NA
162	Somebody done	robbed	that bank before we robbed it.	Ada orang yang merampok bank itu sebelum kami merampoknya.	NA	merampok	TARGET-OBJ	TARGET-OBJ	verb	AV	AV	declarative	TRUE	TRUE	AV_gr_subj	somebody	HUMAN	animate	TRUE	direct_object	bank	PLACE	source	inanimate	FALSE	NA	NA	NA	NA	TRUE	AV_gr_subj	orang	HUMAN	animate	TRUE	direct_object	bank	PLACE	source	inanimate	FALSE	NA	NA	NA	NA
167	"""- I"	robbed	the Bank of England.	"""- Aku yang mencuri Bank Inggris."	NA	mencuri	TARGET-OBJ	TARGET-OBJ	verb	AV	AV	declarative	TRUE	TRUE	AV_gr_subj	I	HUMAN	animate	TRUE	direct_object	bank	PLACE	source	inanimate	FALSE	NA	NA	NA	NA	TRUE	AV_gr_subj	aku	HUMAN	animate	TRUE	direct_object	bank	PLACE	source	inanimate	FALSE	NA	NA	NA	NA
170	I did get	robbed	the other day.	Aku juga hampir dirampok beberapa hari lalu.	NA	dirampok	TARGET-SUBJ-PASS	TARGET-SUBJ-PASS	verb	PASS	PASS	declarative	TRUE	FALSE	NA	NA	NA	NA	TRUE	passive_subject	I	HUMAN	victim	animate	FALSE	NA	NA	NA	NA	FALSE	NA	NA	NA	NA	TRUE	passive_subject	aku	HUMAN	victim	animate	FALSE	NA	NA	NA	NA
173	Fucking	robbed	the store for sixty some odd dollars.	Merampok toko demi 60 dolar.	NA	merampok	TARGET-OBJ	TARGET-OBJ	verb	AV	AV	declarative	TRUE	FALSE	NA	NA	NA	NA	TRUE	direct_object	store	PLACE	source	inanimate	TRUE	N dollars	ASSETS	inanimate	PP_complement	FALSE	NA	NA	NA	NA	TRUE	direct_object	toko	PLACE	source	inanimate	TRUE	N dollars	ASSETS	inanimate	PP_complement
174	She thought they had just	robbed	the store.	Dia kira mereka perampok toko itu.	NA	perampok	TARGET-OBJ	NOM-MODIFIER	noun	AV	NOMINAL	declarative	TRUE	TRUE	AV_gr_subj	they	HUMAN	animate	TRUE	direct_object	store	PLACE	source	inanimate	FALSE	NA	NA	NA	NA	TRUE	AV_gr_subj	mereka	HUMAN	animate	TRUE	nominal_modifier	toko	PLACE	source	inanimate	FALSE	NA	NA	NA	NA
176	They	robbed	the vault.	Mereka merampok lemari besi.	NA	merampok	TARGET-OBJ	TARGET-OBJ	verb	AV	AV	declarative	TRUE	TRUE	AV_gr_subj	they	HUMAN	animate	TRUE	direct_object	vault	PLACE	source	inanimate	FALSE	NA	NA	NA	NA	TRUE	AV_gr_subj	mereka	HUMAN	animate	TRUE	direct_object	lemari besi	PLACE	source	inanimate	FALSE	NA	NA	NA	NA
177	All I know is Briggs	robbed	the wrong store.	Yang kutahu adalah Briggs merampok toko yang salah.	NA	merampok	TARGET-OBJ	TARGET-OBJ	verb	AV	AV	declarative	TRUE	TRUE	AV_gr_subj	Briggs	HUMAN	animate	TRUE	direct_object	store	PLACE	source	inanimate	FALSE	NA	NA	NA	NA	TRUE	AV_gr_subj	Briggs	HUMAN	animate	TRUE	direct_object	toko	PLACE	source	inanimate	FALSE	NA	NA	NA	NA
178	He	robbed	them banks because he liked it.	Dia merampok bank karena dia menyukainya.	NA	merampok	TARGET-OBJ	TARGET-OBJ	verb	AV	AV	declarative	TRUE	TRUE	AV_gr_subj	he	HUMAN	animate	TRUE	direct_object	bank	PLACE	source	inanimate	FALSE	NA	NA	NA	NA	TRUE	AV_gr_subj	dia	HUMAN	animate	TRUE	direct_object	bank	PLACE	source	inanimate	FALSE	NA	NA	NA	NA
179	"""- You"	robbed	Tres Cruces?	Kau merampok Tres Cruces ?	NA	merampok	TARGET-OBJ	TARGET-OBJ	verb	AV	AV	interrogative	TRUE	TRUE	AV_gr_subj	you	HUMAN	animate	TRUE	direct_object	Tres Cruces	PLACE	source	inanimate	FALSE	NA	NA	NA	NA	TRUE	AV_gr_subj	kau	HUMAN	animate	TRUE	direct_object	Tres Cruces	PLACE	source	inanimate	FALSE	NA	NA	NA	NA
181	During which time the Ex-Presidents... have	robbed	two more banks!	Selama itu Mantan Presiden... merampok dua bank lagi!	NA	merampok	TARGET-OBJ	TARGET-OBJ	verb	AV	AV	declarative	TRUE	TRUE	AV_gr_subj	Ex-Presidents	HUMAN	animate	TRUE	direct_object	bank	PLACE	source	inanimate	FALSE	NA	NA	NA	NA	TRUE	AV_gr_subj	mantan presiden	HUMAN	animate	TRUE	direct_object	bank	PLACE	source	inanimate	FALSE	NA	NA	NA	NA
184	Once everyone knows that Jesse Pinkman drug lord, can be	robbed	with impunity.	"Sekali orang dengar ""Jesse Pinkman Dewa Drugs, bisa dirampok dengan leluasa."""	NA	dirampok	TARGET-SUBJ-PASS	TARGET-SUBJ-PASS	verb	PASS	PASS	declarative	TRUE	FALSE	NA	NA	NA	NA	TRUE	passive_subject	Jesse Pinkman	HUMAN	victim	animate	FALSE	NA	NA	NA	NA	FALSE	NA	NA	NA	NA	TRUE	passive_subject	Jesse Pinkman	HUMAN	victim	animate	FALSE	NA	NA	NA	NA
187	I never	robbed	you!	Tapi aku tidak pernah merampokmu!	NA	merampok	TARGET-OBJ	TARGET-OBJ	verb	AV	AV	declarative	TRUE	TRUE	AV_gr_subj	I	HUMAN	animate	TRUE	direct_object	you	HUMAN	victim	animate	FALSE	NA	NA	NA	NA	TRUE	AV_gr_subj	aku	HUMAN	animate	TRUE	encliticised_direct_object	-mu	HUMAN	victim	animate	FALSE	NA	NA	NA	NA
192	I'll tell you who	robbed	your bookies.	Akan kuberitahu siapa yang merampok rumah taruhan kalian.	NA	merampok	TARGET-OBJ	TARGET-OBJ	verb	AV	AV	declarative	TRUE	FALSE	NA	NA	NA	NA	TRUE	direct_object	bookies	PLACE	source	inanimate	FALSE	NA	NA	NA	NA	FALSE	NA	NA	NA	NA	TRUE	direct_object	rumah taruhan	PLACE	source	inanimate	FALSE	NA	NA	NA	NA
195	And out of everyone you could have picked to	rob	, you pick me.	Dan dari ke semua orang itu, kau merampokku.	NA	merampok	INTR	TARGET-OBJ	verb	AV	AV	declarative	FALSE	TRUE	AV_gr_subj	you	HUMAN	animate	FALSE	NA	NA	NA	NA	NA	FALSE	NA	NA	NA	NA	TRUE	AV_gr_subj	kau	HUMAN	animate	TRUE	encliticised_direct_object	-ku	HUMAN	victim	animate	FALSE	NA	NA	NA	NA
197	Now who here has a bank they would like us to	rob	?	Siapa pemilik bank di sini yang banknya ingin kami rampok?	NA	rampok	TARGET-OBJ	TARGET-SUBJ-PASS	verb	AV	OV	interrogative	FALSE	TRUE	AV_gr_subj_in_SubCl	us	HUMAN	animate	TRUE	direct_object	bank	PLACE	source	inanimate	FALSE	NA	NA	NA	NA	TRUE	OV_logical_subj	kami	HUMAN	animate	TRUE	OV_gr_subj	bank	PLACE	source	inanimate	FALSE	NA	NA	NA	NA
198	Is there any more good places we can	rob	?	Apa ada tempat yang lebih baik kami dapat merampok?	NA	merampok	TARGET-OBJ	TARGET-SUBJ-PASS	verb	AV	OV	interrogative	TRUE	TRUE	AV_gr_subj	we	HUMAN	animate	TRUE	direct_object	place	PLACE	source	inanimate	FALSE	NA	NA	NA	NA	TRUE	OV_logical_subj	kami	HUMAN	animate	TRUE	OV_gr_subj	tempat	PLACE	source	inanimate	FALSE	NA	NA	NA	NA
199	Why did you	rob	? Tell me?	Kenapa kau merampok?	NA	merampok	INTR	INTR	verb	AV	AV	interrogative	TRUE	TRUE	AV_gr_subj	you	HUMAN	animate	FALSE	NA	NA	NA	NA	NA	FALSE	NA	NA	NA	NA	TRUE	AV_gr_subj	kau	HUMAN	animate	FALSE	NA	NA	NA	NA	NA	FALSE	NA	NA	NA	NA
200	I saw you holding a gun and ready to	rob	.	Aku lihat kau pegang senjata dan sedia merampok.	NA	merampok	INTR	INTR	verb	AV	AV	declarative	FALSE	TRUE	AV_gr_subj	you	HUMAN	animate	FALSE	NA	NA	NA	NA	NA	FALSE	NA	NA	NA	NA	TRUE	AV_gr_subj	kau	HUMAN	animate	FALSE	NA	NA	NA	NA	NA	FALSE	NA	NA	NA	NA
202	Typical stop and	rob	.	Perampokan yang khas, berhenti dan merampok.	NA	merampok	NOMINAL	NOMINAL	verb	NOMINAL	AV	declarative	FALSE	FALSE	NA	NA	NA	NA	FALSE	NA	NA	NA	NA	NA	FALSE	NA	NA	NA	NA	FALSE	NA	NA	NA	NA	FALSE	NA	NA	NA	NA	NA	FALSE	NA	NA	NA	NA
206	"""- You want to"	rob	'em?	Kau ingin merampok mereka?	NA	merampok	TARGET-OBJ	TARGET-OBJ	verb	AV	AV	interrogative	FALSE	TRUE	AV_gr_subj	you	HUMAN	animate	TRUE	direct_object	'em	HUMAN	victim	animate	FALSE	NA	NA	NA	NA	TRUE	AV_gr_subj	kau	HUMAN	animate	TRUE	direct_object	mereka	HUMAN	victim	animate	FALSE	NA	NA	NA	NA
208	If we got pistols, we can	rob	~	Jika adalah pistol masih bisa digunakan 'tuk merampok	NA	merampok	INTR	INTR	verb	AV	AV	declarative	FALSE	TRUE	AV_gr_subj	we	HUMAN	animate	FALSE	NA	NA	NA	NA	NA	FALSE	NA	NA	NA	NA	FALSE	NA	NA	NA	NA	FALSE	NA	NA	NA	NA	NA	FALSE	NA	NA	NA	NA
211	Should we	rob	a bank or a supermarket? Bullshit.	Haruskah kita merampok bank atau supermarket?	NA	merampok	TARGET-OBJ	TARGET-OBJ	verb	AV	AV	interrogative	TRUE	TRUE	AV_gr_subj	we	HUMAN	animate	TRUE	direct_object	bank_or_supermarket	PLACE	source	inanimate	FALSE	NA	NA	NA	NA	TRUE	AV_gr_subj	kita	HUMAN	animate	TRUE	direct_object	bank_atau_supermarket	PLACE	source	inanimate	FALSE	NA	NA	NA	NA
214	"""Give a man a gun and he can"	rob	"a bank, but give a man a bank, and he can rob the world."""	"""Berikan seorang pria senjata maka ia bisa merampok sebuah bank, tapi memberikan seorang pria bank, maka dia bisa merampok seisi dunia."""	NA	merampok	TARGET-OBJ	TARGET-OBJ	verb	AV	AV	declarative	TRUE	TRUE	AV_gr_subj	he	HUMAN	animate	TRUE	direct_object	bank	PLACE	source	inanimate	FALSE	NA	NA	NA	NA	TRUE	AV_gr_subj	ia	HUMAN	animate	TRUE	direct_object	bank	PLACE	source	inanimate	FALSE	NA	NA	NA	NA
215	If you're gonna	rob	a bank, Frankie... You fucking go in, you empty the tills, then you run out, you fucking drive like fuck.	Jika kau merampok bank, Frankie... kau masuk kesana, kau kuras brankasnya, lalu kau melarikan diri dan menyetir seperti kesetanan.	NA	merampok	TARGET-OBJ	TARGET-OBJ	verb	AV	AV	declarative	TRUE	TRUE	AV_gr_subj	you	HUMAN	animate	TRUE	direct_object	bank	PLACE	source	inanimate	FALSE	NA	NA	NA	NA	TRUE	AV_gr_subj	kau	HUMAN	animate	TRUE	direct_object	bank	PLACE	source	inanimate	FALSE	NA	NA	NA	NA
216	If I'm going to	rob	a bank, I'm going to do it properly.	Jika saya akan merampok bank, Saya akan melakukannya dengan benar.	NA	merampok	TARGET-OBJ	TARGET-OBJ	verb	AV	AV	declarative	TRUE	TRUE	AV_gr_subj	I	HUMAN	animate	TRUE	direct_object	bank	PLACE	source	inanimate	FALSE	NA	NA	NA	NA	TRUE	AV_gr_subj	saya	HUMAN	animate	TRUE	direct_object	bank	PLACE	source	inanimate	FALSE	NA	NA	NA	NA
217	Holy crap, what, did you	rob	a bank?	Astaga, apa kau merampok bank?	NA	merampok	TARGET-OBJ	TARGET-OBJ	verb	AV	AV	interrogative	TRUE	TRUE	AV_gr_subj	you	HUMAN	animate	TRUE	direct_object	bank	PLACE	source	inanimate	FALSE	NA	NA	NA	NA	TRUE	AV_gr_subj	kau	HUMAN	animate	TRUE	direct_object	bank	PLACE	source	inanimate	FALSE	NA	NA	NA	NA
218	What did you two,	rob	a bank?	Apa pekerjaan kalian, merampok bank?	NA	merampok	TARGET-OBJ	TARGET-OBJ	verb	AV	AV	interrogative	FALSE	TRUE	AV_gr_subj	you	HUMAN	animate	TRUE	direct_object	bank	PLACE	source	inanimate	FALSE	NA	NA	NA	NA	TRUE	NA	kalian	HUMAN	animate	TRUE	direct_object	bank	PLACE	source	inanimate	FALSE	NA	NA	NA	NA
220	Why would a brilliant structural engineer	rob	a bank?	Mengapa sarjana pembangunan yg pintar merampok bank?	NA	merampok	TARGET-OBJ	TARGET-OBJ	verb	AV	AV	interrogative	TRUE	TRUE	AV_gr_subj	engineer	HUMAN	animate	TRUE	direct_object	bank	PLACE	source	inanimate	FALSE	NA	NA	NA	NA	TRUE	AV_gr_subj_in_RelCl	sarjana	HUMAN	animate	TRUE	direct_object	bank	PLACE	source	inanimate	FALSE	NA	NA	NA	NA
224	"""I could"	rob	a bank.	"""Saya bisa merampok bank."	NA	merampok	TARGET-OBJ	TARGET-OBJ	verb	AV	AV	declarative	TRUE	TRUE	AV_gr_subj	I	HUMAN	animate	TRUE	direct_object	bank	PLACE	source	inanimate	FALSE	NA	NA	NA	NA	TRUE	AV_gr_subj	saya	HUMAN	animate	TRUE	direct_object	bank	PLACE	source	inanimate	FALSE	NA	NA	NA	NA
225	What I'd like to know is how you	rob	a bank... without opening any doors.	Yang aku ingin tahu bagaimana kamu bisa merampok bank... tanpa membuka pintu.	NA	merampok	TARGET-OBJ	TARGET-OBJ	verb	AV	AV	declarative	TRUE	TRUE	AV_gr_subj	you	HUMAN	animate	TRUE	direct_object	bank	PLACE	source	inanimate	FALSE	NA	NA	NA	NA	TRUE	AV_gr_subj	kamu	HUMAN	animate	TRUE	direct_object	bank	PLACE	source	inanimate	FALSE	NA	NA	NA	NA
226	It's kind of fuck up to	rob	a blind guy, isn't it?	Kita mencuri di rumah orang buta?	NA	mencuri	TARGET-OBJ	INTR	verb	AV	AV	declarative	FALSE	FALSE	NA	NA	NA	NA	TRUE	direct_object	guy	HUMAN	victim	animate	FALSE	NA	NA	NA	NA	TRUE	AV_gr_subj	kita	HUMAN	animate	TRUE	possessive_determiner	orang	HUMAN	victim	animate	FALSE	NA	NA	NA	NA
227	The truck, it was just used to	rob	a blood bank.	Truknya, Baru saja dipakai untuk mencuri di Bank Darah.	NA	mencuri	TARGET-OBJ	INTR	verb	AV	AV	declarative	FALSE	FALSE	NA	NA	NA	NA	TRUE	direct_object	bank	PLACE	source	inanimate	FALSE	NA	NA	NA	NA	FALSE	NA	NA	NA	NA	TRUE	pp_complement	bank	PLACE	source	inanimate	FALSE	NA	NA	NA	NA
229	I traveled all the way across the country to	rob	a goddamn charity?	Aku berjalan mengelilingi kota untuk merampok badan amal?	NA	merampok	TARGET-OBJ	TARGET-OBJ	verb	AV	AV	interrogative	FALSE	TRUE	AV_gr_subj	I	HUMAN	animate	TRUE	direct_object	charity	HUMAN	source	inanimate	FALSE	NA	NA	NA	NA	TRUE	AV_gr_subj	aku	HUMAN	animate	TRUE	direct_object	badan amal	HUMAN	source	inanimate	FALSE	NA	NA	NA	NA
230	Don't	rob	a motherfucking bank without a motherfucking mask.	Jangan merampok bank, sialaan tanpa masker, sialan	NA	merampok	TARGET-OBJ	TARGET-OBJ	verb	AV	AV	imperative	FALSE	FALSE	NA	NA	NA	NA	TRUE	direct_object	bank	PLACE	source	inanimate	FALSE	NA	NA	NA	NA	FALSE	NA	NA	NA	NA	TRUE	direct_object	bank	PLACE	source	inanimate	FALSE	NA	NA	NA	NA
233	Well, generally I	rob	balconies.	Nah, biasanya aku merampok balkon.	NA	merampok	TARGET-OBJ	TARGET-OBJ	verb	AV	AV	declarative	TRUE	TRUE	AV_gr_subj	I	HUMAN	animate	TRUE	direct_object	balconies	PLACE	source	inanimate	FALSE	NA	NA	NA	NA	TRUE	AV_gr_subj	aku	HUMAN	animate	TRUE	direct_object	balkon	PLACE	source	inanimate	FALSE	NA	NA	NA	NA
235	I don't	rob	banks.	Aku tidak merampok bank.	NA	merampok	TARGET-OBJ	TARGET-OBJ	verb	AV	AV	declarative	TRUE	TRUE	AV_gr_subj	I	HUMAN	animate	TRUE	direct_object	bank	PLACE	source	inanimate	FALSE	NA	NA	NA	NA	TRUE	AV_gr_subj	aku	HUMAN	animate	TRUE	direct_object	bank	PLACE	source	inanimate	FALSE	NA	NA	NA	NA
236	So you	rob	banks. That's impressive. What?	Jadi... .. Anda merampok bank.	NA	merampok	TARGET-OBJ	TARGET-OBJ	verb	AV	AV	declarative	TRUE	TRUE	AV_gr_subj	you	HUMAN	animate	TRUE	direct_object	bank	PLACE	source	inanimate	FALSE	NA	NA	NA	NA	TRUE	AV_gr_subj	Anda	HUMAN	animate	TRUE	direct_object	bank	PLACE	source	inanimate	FALSE	NA	NA	NA	NA
238	I spent spent many years learning how to	rob	from magicians.	Aku menghabiskan bertahun-tahun belajar cara mencuri dari penyihir.	NA	mencuri	INTR	INTR	verb	AV	AV	declarative	FALSE	TRUE	AV_gr_subj	I	HUMAN	animate	FALSE	NA	NA	NA	NA	NA	FALSE	NA	NA	NA	NA	TRUE	AV_gr_subj	aku	HUMAN	animate	FALSE	NA	NA	NA	NA	NA	FALSE	NA	NA	NA	NA
240	"""- We"	rob	her advantage.	"""- Kami merampok keuntungan-nya."	NA	merampok	GOODS-OBJ	GOODS-OBJ	verb	AV	AV	declarative	TRUE	TRUE	AV_gr_subj	we	HUMAN	animate	TRUE	possessive_determiner	her	HUMAN	victim	animate	TRUE	advantage	ABSTRACTION	inanimate	direct_object	TRUE	AV_gr_subj	kami	HUMAN	animate	TRUE	possessive_determiner	-nya	HUMAN	victim	animate	TRUE	keuntungan	ASSETS	inanimate	direct_object
242	Why don't we break into his home,	rob	"him, and murder him?"""	"Mengapa kita tidak masuk ke nya rumah, merampok dia, dan membunuhnya? """	NA	merampok	TARGET-OBJ	TARGET-OBJ	verb	AV	AV	interrogative	TRUE	TRUE	AV_gr_subj	we	HUMAN	animate	TRUE	direct_object	him	HUMAN	victim	animate	FALSE	NA	NA	NA	NA	TRUE	AV_gr_subj	kita	HUMAN	animate	TRUE	direct_object	dia	HUMAN	victim	animate	FALSE	NA	NA	NA	NA
244	He's afraid a thief will	rob	his house.	Dia adalah ketakutan satu pencuri akan merampok rumah nya.	NA	merampok	TARGET-OBJ	TARGET-OBJ	verb	AV	AV	declarative	TRUE	TRUE	AV_gr_subj	thief	HUMAN	animate	TRUE	direct_object	house	PLACE	source	inanimate	FALSE	NA	NA	NA	NA	TRUE	AV_gr_subj	pencuri	HUMAN	animate	TRUE	direct_object	rumah	PLACE	source	inanimate	FALSE	NA	NA	NA	NA
247	They're all looking to	rob	me blind 24 hours a day.	Mereka mencoba merampok ku selama 24 jam dalam sehari.	NA	merampok	TARGET-OBJ	TARGET-OBJ	verb	AV	AV	declarative	FALSE	TRUE	AV_gr_subj	they	HUMAN	animate	TRUE	direct_object	me	HUMAN	victim	animate	FALSE	NA	NA	NA	NA	TRUE	AV_gr_subj	mereka	HUMAN	animate	TRUE	encliticised_direct_object	-ku	HUMAN	victim	animate	FALSE	NA	NA	NA	NA
248	You could	rob	me blind.	Kau bisa merampokku habis-habisan.	NA	merampok	TARGET-OBJ	TARGET-OBJ	verb	AV	AV	declarative	TRUE	TRUE	AV_gr_subj	you	HUMAN	animate	TRUE	direct_object	me	HUMAN	victim	animate	FALSE	NA	NA	NA	NA	TRUE	AV_gr_subj	kau	HUMAN	animate	TRUE	encliticised_direct_object	-ku	HUMAN	victim	animate	FALSE	NA	NA	NA	NA
249	You are trying to	rob	me blind.	Kau mencoba merampokku?	NA	merampok	TARGET-OBJ	TARGET-OBJ	verb	AV	AV	declarative	FALSE	TRUE	AV_gr_subj	you	HUMAN	animate	TRUE	direct_object	me	HUMAN	victim	animate	FALSE	NA	NA	NA	NA	TRUE	AV_gr_subj	kau	HUMAN	animate	TRUE	encliticised_direct_object	-ku	HUMAN	victim	animate	FALSE	NA	NA	NA	NA
250	So not only do they	rob	me of the Fields Medal, now they put me on the cover of Fortune magazine... with these hacks, these scholars of trivia.	Jadi tidak hanya mereka merampokku dari Bidang Medali, sekarang mereka menempatkanku pada sampul majalah Fortune... bersama para penulis sewaan ini, para sarjana yang sepele.	NA	merampok	TARGET-OBJ	TARGET-OBJ	verb	AV	AV	declarative	TRUE	TRUE	AV_gr_subj	they	HUMAN	animate	TRUE	direct_object	me	HUMAN	victim	animate	TRUE	Fields Medal	ASSETS	inanimate	PP_complement	TRUE	AV_gr_subj	mereka	HUMAN	animate	TRUE	encliticised_direct_object	-ku	HUMAN	victim	animate	TRUE	Bidang Medali	ASSETS	inanimate	PP_complement
251	You can	rob	me you can starve me, you can beat me, and you can kill me just don't bore me.	Kau bisa merampokku membuatku lapar, memukulku, dan membunuhku tapi jangan membuatku bosan.	NA	merampok	TARGET-OBJ	TARGET-OBJ	verb	AV	AV	declarative	TRUE	TRUE	AV_gr_subj	you	HUMAN	animate	TRUE	direct_object	me	HUMAN	victim	animate	FALSE	NA	NA	NA	NA	TRUE	AV_gr_subj	kau	HUMAN	animate	TRUE	encliticised_direct_object	-ku	HUMAN	victim	animate	FALSE	NA	NA	NA	NA
259	We don't	rob	people.	Kami tidak merampok orang.	NA	merampok	TARGET-OBJ	TARGET-OBJ	verb	AV	AV	declarative	TRUE	TRUE	AV_gr_subj	we	HUMAN	animate	TRUE	direct_object	people	HUMAN	victim	animate	FALSE	NA	NA	NA	NA	TRUE	AV_gr_subj	kami	HUMAN	animate	TRUE	direct_object	orang	HUMAN	victim	animate	FALSE	NA	NA	NA	NA
260	We are gonna break into saint D's and	rob	Popper.	Mari kita istirahat di Santa D dan mencuri Popper,	NA	mencuri	TARGET-OBJ	TARGET-OBJ	verb	AV	AV	declarative	TRUE	TRUE	AV_gr_subj	we	HUMAN	animate	TRUE	direct_object	Popper	PLACE	source	inanimate	FALSE	NA	NA	NA	NA	TRUE	AV_gr_subj	kita	HUMAN	animate	TRUE	direct_object	Popper	PLACE	source	inanimate	FALSE	NA	NA	NA	NA
264	Close to El Paso is a town, Santa Cruz. Tomorrow Blackey, Chico, Paco... you, amigo will	rob	the bank in Santa Cruz.	Besok, Blackie, Chico, Paco... dan kau, kawan... akan merampok Bank di Santa Cruz.	NA	merampok	TARGET-OBJ	TARGET-OBJ	verb	AV	AV	declarative	TRUE	TRUE	AV_gr_subj	you	HUMAN	animate	TRUE	direct_object	bank	PLACE	source	inanimate	FALSE	NA	NA	NA	NA	TRUE	AV_gr_subj	kau	HUMAN	animate	TRUE	direct_object	bank	PLACE	source	inanimate	FALSE	NA	NA	NA	NA
265	I'll	rob	the bank with you.	Aku akan merampok bank denganmu.	NA	merampok	TARGET-OBJ	TARGET-OBJ	verb	AV	AV	declarative	TRUE	TRUE	AV_gr_subj	I	HUMAN	animate	TRUE	direct_object	bank	PLACE	source	inanimate	FALSE	NA	NA	NA	NA	TRUE	AV_gr_subj	aku	HUMAN	animate	TRUE	direct_object	bank	PLACE	source	inanimate	FALSE	NA	NA	NA	NA
266	Why don't you	rob	the bank?	Kenapa kau tak merampok Bank saja?	NA	merampok	TARGET-OBJ	TARGET-OBJ	verb	AV	AV	interrogative	TRUE	TRUE	AV_gr_subj	you	HUMAN	animate	TRUE	direct_object	bank	PLACE	source	inanimate	FALSE	NA	NA	NA	NA	TRUE	AV_gr_subj	kau	HUMAN	animate	TRUE	direct_object	bank	PLACE	source	inanimate	FALSE	NA	NA	NA	NA
267	I said they didn't	rob	the bank.	Aku bilang mereka tidak merampok bank.	NA	merampok	TARGET-OBJ	TARGET-OBJ	verb	AV	AV	declarative	TRUE	TRUE	AV_gr_subj	they	HUMAN	animate	TRUE	direct_object	bank	PLACE	source	inanimate	FALSE	NA	NA	NA	NA	TRUE	AV_gr_subj	mereka	HUMAN	animate	TRUE	direct_object	bank	PLACE	source	inanimate	FALSE	NA	NA	NA	NA
268	No one told you to go	rob	the blockbuster.	Tak ada yang menyuruhmu merampok blockbuster.	NA	merampok	TARGET-OBJ	TARGET-OBJ	verb	AV	AV	declarative	FALSE	TRUE	AV_gr_subj_in_SubCl	you	HUMAN	animate	TRUE	direct_object	blockbuster	HUMAN	source	inanimate	FALSE	NA	NA	NA	NA	TRUE	AV_gr_subj_in_SubCl	-mu	HUMAN	animate	TRUE	direct_object	blockbuster	HUMAN	source	inanimate	FALSE	NA	NA	NA	NA
271	You're planning to	rob	the casino, Jack.	Kamu berencana merampok kasino ini, Jack.	NA	merampok	TARGET-OBJ	TARGET-OBJ	verb	AV	AV	declarative	FALSE	TRUE	AV_gr_subj	you	HUMAN	animate	TRUE	direct_object	casino	PLACE	source	inanimate	FALSE	NA	NA	NA	NA	TRUE	AV_gr_subj	kamu	HUMAN	animate	TRUE	direct_object	kasino	PLACE	source	inanimate	FALSE	NA	NA	NA	NA
273	Or I'll go down the street and	rob	the goddamned pharmacy.	Atau aku akan pergi ke jalanan dan merampok apotek.	NA	merampok	TARGET-OBJ	TARGET-OBJ	verb	AV	AV	declarative	TRUE	TRUE	AV_gr_subj	I	HUMAN	animate	TRUE	direct_object	pharmacy	PLACE	source	inanimate	FALSE	NA	NA	NA	NA	TRUE	AV_gr_subj	aku	HUMAN	animate	TRUE	direct_object	apotek	PLACE	source	inanimate	FALSE	NA	NA	NA	NA
275	General Eiling, why were you trying to	rob	the gold reserve?	Jendral Eiling, mengapa kau merampok Gold Reserve?	NA	merampok	TARGET-OBJ	TARGET-OBJ	verb	AV	AV	interrogative	FALSE	TRUE	AV_gr_subj	you	HUMAN	animate	TRUE	direct_object	gold reserve	ASSETS	source	inanimate	FALSE	NA	NA	NA	NA	TRUE	AV_gr_subj	kau	HUMAN	animate	TRUE	direct_object	Gold Reserve	ASSETS	source	inanimate	FALSE	NA	NA	NA	NA
278	These guys are trying to	rob	the place.	Orang-orang berusaha untuk merampok tempat .	NA	merampok	TARGET-OBJ	TARGET-OBJ	verb	AV	AV	declarative	FALSE	TRUE	AV_gr_subj	guys	HUMAN	animate	TRUE	direct_object	place	PLACE	source	inanimate	FALSE	NA	NA	NA	NA	TRUE	AV_gr_subj	orang	HUMAN	animate	TRUE	direct_object	tempat	PLACE	source	inanimate	FALSE	NA	NA	NA	NA
279	"""- Don't"	rob	the place. - Yeah.	Jangan rampok tempat itu./ Ya.	NA	rampok	TARGET-OBJ	TARGET-OBJ	verb	AV	AV	imperative	FALSE	FALSE	NA	NA	NA	NA	TRUE	direct_object	place	PLACE	source	inanimate	FALSE	NA	NA	NA	NA	FALSE	NA	NA	NA	NA	TRUE	direct_object	tempat	PLACE	source	inanimate	FALSE	NA	NA	NA	NA
280	They proceed to the circus owner's trailer, where they	rob	the safe of its contents.	Mereka melanjutkan ke pemilik sirkus Trailer, di mana mereka merampok aman isinya.	NA	merampok	TARGET-OBJ	TARGET-OBJ	verb	AV	AV	declarative	TRUE	TRUE	AV_gr_subj	they	HUMAN	animate	TRUE	direct_object	safe	PLACE	source	inanimate	TRUE	content	ASSETS	inanimate	PP_complement	TRUE	AV_gr_subj	mereka	HUMAN	animate	FALSE	NA	NA	NA	NA	NA	TRUE	isi	ASSETS	inanimate	direct_object
288	Well, if you're not going to	rob	us, might as well do the name thing.	Jika kau tak akan merampok kami, mungkin kau bisa melakukan hal yang sama.	NA	merampok	TARGET-OBJ	TARGET-OBJ	verb	AV	AV	declarative	TRUE	TRUE	AV_gr_subj	you	HUMAN	animate	TRUE	direct_object	us	HUMAN	victim	animate	FALSE	NA	NA	NA	NA	TRUE	AV_gr_subj	kau	HUMAN	animate	TRUE	direct_object	kami	HUMAN	victim	animate	FALSE	NA	NA	NA	NA
292	They don't have the balls to	rob	us.	Mereka tidak punya nyali untuk merampok kita.	NA	merampok	TARGET-OBJ	TARGET-OBJ	verb	AV	AV	declarative	FALSE	TRUE	AV_gr_subj	they	HUMAN	animate	TRUE	direct_object	us	HUMAN	victim	animate	FALSE	NA	NA	NA	NA	TRUE	AV_gr_subj	mereka	HUMAN	animate	TRUE	direct_object	kita	HUMAN	victim	animate	FALSE	NA	NA	NA	NA
294	They'll	rob	you in your sleep.	Mereka akan merampok mu disaat kau tidur.	NA	merampok	TARGET-OBJ	TARGET-OBJ	verb	AV	AV	declarative	TRUE	TRUE	AV_gr_subj	they	HUMAN	animate	TRUE	direct_object	you	HUMAN	victim	animate	FALSE	NA	NA	NA	NA	TRUE	AV_gr_subj	mereka	HUMAN	animate	TRUE	encliticised_direct_object	-mu	HUMAN	victim	animate	FALSE	NA	NA	NA	NA
295	And worse, the paralyzing vapor of her brother Alec who could	rob	you of sight, sound and touch.	Dan yang terburuk, kekuatan melumpuhkan Saudaranya, Alec..,.. Yang bisa merebut penglihatan, Pendengaran dan indera perabamu.	NA	merebut	TARGET-OBJ	TARGET-OBJ	verb	AV	AV	declarative	TRUE	TRUE	AV_gr_subj_in_RelCl	Alec	HUMAN	animate	TRUE	direct_object	you	HUMAN	victim	animate	TRUE	sight_sound_touch	BODY PART	inanimate	PP_complement	TRUE	AV_gr_subj_in_RelCl	Alec	HUMAN	animate	TRUE	possessive_determiner	-mu	HUMAN	victim	animate	TRUE	penglihatan_pendengaran_indera peraba	BODY PART	inanimate	direct_object
296	We're not here to	rob	you.	Kami di sini bukan untuk merampokmu..	NA	merampok	TARGET-OBJ	TARGET-OBJ	verb	AV	AV	declarative	FALSE	TRUE	AV_gr_subj	we	HUMAN	animate	TRUE	direct_object	you	HUMAN	victim	animate	FALSE	NA	NA	NA	NA	TRUE	AV_gr_subj	kami	HUMAN	animate	TRUE	encliticised_direct_object	-mu	HUMAN	victim	animate	FALSE	NA	NA	NA	NA
297	"""I have loved you, I didn't"	rob	"you."""	Aku telah mencintaimu, aku tidak merampasmu.	NA	merampas	TARGET-OBJ	TARGET-OBJ	verb	AV	AV	declarative	TRUE	TRUE	AV_gr_subj	I	HUMAN	animate	TRUE	direct_object	you	HUMAN	victim	animate	FALSE	NA	NA	NA	NA	TRUE	AV_gr_subj	aku	HUMAN	animate	TRUE	encliticised_direct_object	-mu	HUMAN	victim	animate	FALSE	NA	NA	NA	NA
300	We're here to	rob	your goddamn bank.	Kami di sini untuk merampok Anda sialan bank.	NA	merampok	TARGET-OBJ	TARGET-OBJ	verb	AV	AV	declarative	FALSE	TRUE	AV_gr_subj	we	HUMAN	animate	TRUE	direct_object	bank	PLACE	source	inanimate	FALSE	NA	NA	NA	NA	TRUE	AV_gr_subj	kami	HUMAN	animate	TRUE	direct_object	bank	PLACE	source	inanimate	FALSE	NA	NA	NA	NA
