CASES	LEFT	NODE	RIGHT	TRANSLATION	INCLUSION	TRANSLATION_NODE	CXN_ENG	CXN_IDN	TRANSLATION_POS	VOICE_ENG	VOICE_IDN	CLAUSE_TYPE_ENG	FINITENESS_ENG	ROLE_ENG_THIEF	LEX_ENG_THIEF	SEM_ENG_THIEF	SYN_ENG_THIEF	ANIMACY_ENG_THIEF	ROLE_IDN_THIEF	SYN_IDN_THIEF	LEX_IDN_THIEF	SEM_IDN_THIEF	ANIMACY_IDN_THIEF	ROLE_ENG_TARGET	SYN_ENG_TARGET	LEX_ENG_TARGET	SEM_ENG_TARGET	TYPE_ENG_TARGET	ANIMACY_ENG_TARGET	ROLE_IDN_TARGET	SYN_IDN_TARGET	LEX_IDN_TARGET	SEM_IDN_TARGET	TYPE_IDN_TARGET	ANIMACY_IDN_TARGET	ROLE_ENG_GOODS	SYN_ENG_GOODS	LEX_ENG_GOODS	SEM_ENG_GOODS	ANIMACY_ENG_GOODS	ROLE_IDN_GOODS	SYN_IDN_GOODS	LEX_IDN_GOODS	SEM_IDN_GOODS	ANIMACY_IDN_GOODS
3	Did you report it	stolen	?	Apa kau melaporkan dicuri?	TRUE	dicuri	COMPLEX_TRANS	NA	verb	NA	PASS	interrogative	FALSE	FALSE	NA	NA	NA	NA	FALSE	NA	NA	NA	NA	FALSE	NA	NA	NA	NA	NA	FALSE	NA	NA	NA	NA	NA	TRUE	passive_subject_complex_transitive	it	PRONOUN	inanimate	FALSE	NA	NA	NA	NA
4	I understand you spent time with Detective Blades looking for your car, which you reported	stolen	?	aku tahu kau sudah menghabiskan waktu bersama mencari mobil mu, yang kau laporkan dicuri?	TRUE	dicuri	COMPLEX_TRANS	GOODS-SUBJ-PASS	verb	NA	PASS	interrogative	FALSE	FALSE	NA	NA	NA	NA	FALSE	NA	NA	NA	NA	FALSE	NA	NA	NA	NA	NA	FALSE	NA	NA	NA	NA	NA	TRUE	passive_subject_complex_transitive	car	VEHICLE	inanimate	TRUE	passive_subject	mobil	VEHICLE	inanimate
5	What exactly do you believe she has	stolen	?	Apa yang dia curi?	TRUE	curi	GOODS-OBJ	GOODS-SUBJ-PASS	verb	AV	OV	interrogative	TRUE	TRUE	she	HUMAN	AV_gr_subj	animate	TRUE	OV_logical_subj	dia	HUMAN	animate	FALSE	NA	NA	NA	NA	NA	FALSE	NA	NA	NA	NA	NA	TRUE	direct_object	what	PRONOUN	inanimate	TRUE	OV_gr_subj	apa	PRONOUN	inanimate
10	My remote control has been	stolen	.	Remote control-ku telah dicuri.	TRUE	dicuri	GOODS-SUBJ-PASS	GOODS-SUBJ-PASS	verb	PASS	PASS	declarative	TRUE	FALSE	NA	NA	NA	NA	FALSE	NA	NA	NA	NA	TRUE	possessive_determiner	my	HUMAN	victim	animate	TRUE	possessive_determiner	-ku	HUMAN	victim	animate	TRUE	passive_subject	remote control	ELECTRONICS	inanimate	TRUE	passive_subject	remote control	ELECTRONICS	inanimate
11	That was reported	stolen	.	Dilaporkan dicuri hari ini.	TRUE	dicuri	COMPLEX_TRANS	NA	verb	NA	PASS	declarative	FALSE	FALSE	NA	NA	NA	NA	FALSE	NA	NA	NA	NA	FALSE	NA	NA	NA	NA	NA	FALSE	NA	NA	NA	NA	NA	TRUE	passive_subject_complex_transitive	that	PRONOUN	inanimate	FALSE	NA	NA	NA	NA
12	No, I do not think there is something being	stolen	.	Tidak, saya tidak berpikir ada sesuatu yang dicuri.	TRUE	dicuri	GOODS-SUBJ-PASS	GOODS-SUBJ-PASS	verb	PASS	PASS	declarative	FALSE	FALSE	NA	NA	NA	NA	FALSE	NA	NA	NA	NA	FALSE	NA	NA	NA	NA	NA	FALSE	NA	NA	NA	NA	NA	TRUE	passive_subject	something	PRONOUN	inanimate	TRUE	passive_subject	sesuatu	PRONOUN	inanimate
13	They'd take the jewellery they'd	stolen	.	Mereka akan mengambil perhiasan yang mereka telah curi...	TRUE	curi	GOODS-OBJ	GOODS-SUBJ-PASS	verb	AV	OV	declarative	TRUE	TRUE	they	HUMAN	AV_gr_subj	animate	FALSE	NA	NA	NA	NA	FALSE	NA	NA	NA	NA	NA	FALSE	NA	NA	NA	NA	NA	TRUE	direct_object	jewellery	ORNAMENT	inanimate	TRUE	OV_gr_subj	perhiasan	ORNAMENT	inanimate
14	Painting is	stolen	.	Lukisan itu sudah dicuri.	TRUE	dicuri	GOODS-SUBJ-PASS	GOODS-SUBJ-PASS	verb	PASS	PASS	declarative	TRUE	FALSE	NA	NA	NA	NA	FALSE	NA	NA	NA	NA	FALSE	NA	NA	NA	NA	NA	FALSE	NA	NA	NA	NA	NA	TRUE	passive_subject	painting	ART	inanimate	TRUE	passive_subject	lukisan	ART	inanimate
18	This is Louis Anglet... go to courier in the high-end	stolen	art market.	Ini Louis Anglet menjadi kurir dalam pasar benda-benda seni curian mahal.	TRUE	curian	NP	NP	noun	NOMINAL	NOMINAL	declarative	FALSE	FALSE	NA	NA	NA	NA	NA	NA	NA	NA	NA	FALSE	NA	NA	NA	NA	NA	FALSE	NA	NA	NA	NA	NA	TRUE	noun_modifier	art	ART	inanimate	TRUE	head_noun	benda seni	ART	inanimate
20	So, now... are you saying that a copy of the exam disappeared, but do not know which class it was, or... if it was	stolen	at the printing office?	Jadi, sekarang ... kau bilang bahwa salinan ujian menghilang, tapi tidak tahu yang mana kelas itu, atau ... Apa itu dicuri di kantor percetakan?	TRUE	dicuri	GOODS-SUBJ-PASS	GOODS-SUBJ-PASS	verb	PASS	PASS	interrogative	TRUE	FALSE	NA	NA	NA	NA	FALSE	NA	NA	NA	NA	TRUE	pp_complement	office	PLACE	source	inanimate	TRUE	pp_complement	kantor	PLACE	source	inanimate	TRUE	passive_subject	it	PRONOUN	inanimate	TRUE	passive_subject	itu	PRONOUN	inanimate
24	We've been getting a lot of calls about	stolen	cop cars.	Kami mendapatkan banyak panggilan tentang mobil polisi yang dicuri.	TRUE	dicuri	NP	GOODS-SUBJ-PASS	verb	NA	PASS	declarative	FALSE	FALSE	NA	NA	NA	NA	FALSE	NA	NA	NA	NA	FALSE	NA	NA	NA	NA	NA	FALSE	NA	NA	NA	NA	NA	TRUE	head_noun	car	VEHICLE	inanimate	TRUE	passive_subject	mobil	VEHICLE	inanimate
25	I would've	stolen	diamonds, laptop.	Aku sudah mencuri perhiasan, laptop.	TRUE	mencuri	GOODS-OBJ	GOODS-OBJ	verb	AV	AV	declarative	TRUE	TRUE	I	HUMAN	AV_gr_subj	animate	TRUE	AV_gr_subj	aku	HUMAN	animate	FALSE	NA	NA	NA	NA	NA	FALSE	NA	NA	NA	NA	NA	TRUE	direct_object	diamonds_laptop	MINERAL_ELECTRONICS	inanimate	TRUE	direct_object	perhiasan_laptop	MINERAL_ELECTRONICS	inanimate
28	The skull was	stolen	from Akator in the 15th century.	Tengkorak itu dicuri dari Akator pada abad ke-15.	TRUE	dicuri	GOODS-SUBJ-PASS	GOODS-SUBJ-PASS	verb	PASS	PASS	declarative	TRUE	FALSE	NA	NA	NA	NA	FALSE	NA	NA	NA	NA	TRUE	pp_complement	Akator	PLACE	source	inanimate	TRUE	pp_complement	Akator	PLACE	source	inanimate	TRUE	passive_subject	skull	BODY PART	inanimate	TRUE	passive_subject	tengkorak	BODY PART	inanimate
29	And then it was	stolen	from me again!	Kemudian kau mencurinya juga dariku.	TRUE	mencuri	GOODS-SUBJ-PASS	GOODS-OBJ	verb	PASS	AV	declarative	TRUE	FALSE	NA	NA	NA	NA	TRUE	AV_gr_subj	kau	HUMAN	animate	TRUE	pp_complement	me	HUMAN	victim	animate	TRUE	pp_complement	-ku	HUMAN	victim	animate	TRUE	passive_subject	it	PRONOUN	inanimate	TRUE	encliticised_direct_object	-nya	PRONOUN	inanimate
31	Nothing	stolen	from the port.	Negatif! Tidak ada yang di curi di pelabuhan. Bingo!	TRUE	dicuri	GOODS-SUBJ-PASS	GOODS-SUBJ-PASS	verb	PASS	PASS	declarative	FALSE	FALSE	NA	NA	NA	NA	FALSE	NA	NA	NA	NA	TRUE	pp_complement	port	PLACE	source	inanimate	TRUE	pp_complement	pelabuhan	PLACE	source	inanimate	TRUE	passive_subject	nothing	PRONOUN	inanimate	TRUE	passive_subject	yang	PRONOUN	inanimate
33	Well, you were most unlucky to have so many cumbersome objects	stolen	from you.	Kau yang paling beruntung untuk memiliki begitu banyak benda rumit dicuri dari Anda.	TRUE	dicuri	GOODS-SUBJ-PASS	GOODS-SUBJ-PASS	verb	PASS	PASS	declarative	FALSE	FALSE	NA	NA	NA	NA	FALSE	NA	NA	NA	NA	TRUE	pp_complement	you	HUMAN	victim	animate	TRUE	pp_complement	Anda	HUMAN	victim	animate	TRUE	passive_subject	objects	ASSETS	inanimate	TRUE	passive_subject	benda	ASSETS	inanimate
35	If someone's using the market to sell	stolen	goods, that's of significant concern.	Maaf. Jika seseorang menggunakan pasar ini untuk menjual barang curian, itu menjadi perhatian yang signifikan.	TRUE	curian	NP	NP	noun	NOMINAL	NOMINAL	declarative	FALSE	FALSE	NA	NA	NA	NA	NA	NA	NA	NA	NA	FALSE	NA	NA	NA	NA	NA	FALSE	NA	NA	NA	NA	NA	TRUE	head_noun	goods	ASSETS	inanimate	TRUE	head_noun	barang	ASSETS	inanimate
38	Everything I took for granted-	stolen	in a New York minute.	Semua yang saya menerima begitu saja - dicuri di New York menit.	TRUE	dicuri	GOODS-SUBJ-PASS	GOODS-SUBJ-PASS	verb	PASS	PASS	declarative	FALSE	FALSE	NA	NA	NA	NA	FALSE	NA	NA	NA	NA	FALSE	NA	NA	NA	NA	NA	FALSE	NA	NA	NA	NA	NA	TRUE	passive_subject	everything	PRONOUN	inanimate	TRUE	passive_subject	yang	PRONOUN	inanimate
41	Now he could have	stolen	my records without ever seeing her.	Padahal dia bisa mencuri rekamanku tanpa harus menemuinya.	TRUE	mencuri	GOODS-OBJ	GOODS-OBJ	verb	AV	AV	declarative	TRUE	TRUE	he	HUMAN	AV_gr_subj	animate	TRUE	AV_gr_subj	dia	HUMAN	animate	TRUE	possessive_determiner	my	HUMAN	victim	animate	TRUE	possessive_determiner	-ku	HUMAN	victim	animate	TRUE	direct_object	record	DOCUMENT	inanimate	TRUE	direct_object	rekaman	DOCUMENT	inanimate
43	You dare accuse our people of theft while you ride in on a	stolen	sand sailer?	Kau berani menuduh orang kami sebagai pencuri, tapi kalian menggunakan kapal curian?	TRUE	curian	NP	NP	noun	NOMINAL	NOMINAL	interrogative	FALSE	FALSE	NA	NA	NA	NA	NA	NA	NA	NA	NA	FALSE	NA	NA	NA	NA	NA	FALSE	NA	NA	NA	NA	NA	TRUE	head_noun	sand sailer	VEHICLE	inanimate	TRUE	head_noun	kapal	VEHICLE	inanimate
44	Heck, you had your set list	stolen	the day of the competition at Sectionals, and you pulled that one off, right?	Kalian kedapatan set list kalian dicuri dihari kompetisi saat Sectionals, dan kalian berhasil menang, iya kan?	TRUE	dicuri	COMPLEX_TRANS	GOODS-SUBJ-PASS	verb	PASS	PASS	declarative	FALSE	FALSE	NA	NA	NA	NA	FALSE	NA	NA	NA	NA	TRUE	possessive_determiner	your	HUMAN	victim	animate	TRUE	possessive_determiner	kalian	HUMAN	victim	animate	TRUE	passive_subject_complex_transitive	list	DOCUMENT	inanimate	TRUE	passive_subject	list	DOCUMENT	inanimate
48	Yeah, I need to report a	stolen	vehicle.	Ya.Saya ingin melaporkan kendaran yang hilang.	TRUE	hilang	NP	GOODS-SUBJ-PASS	verb	NA	AV	declarative	FALSE	FALSE	NA	NA	NA	NA	FALSE	NA	NA	NA	NA	FALSE	NA	NA	NA	NA	NA	FALSE	NA	NA	NA	NA	NA	TRUE	head_noun	vehicle	VEHICLE	inanimate	TRUE	av_subject	kendaraan	VEHICLE	inanimate
49	And there was another keepsake of hers, but it got	stolen	with my stuff.	Dan ada kenang-kenangan dari dirinya lagi, tapi dicuri bersama dengan barang yang lain.	TRUE	dicuri	GOODS-SUBJ-PASS	GOODS-SUBJ-PASS	verb	PASS	PASS	declarative	TRUE	FALSE	NA	NA	NA	NA	FALSE	NA	NA	NA	NA	FALSE	NA	NA	NA	NA	NA	FALSE	NA	NA	NA	NA	NA	TRUE	passive_subject	it	ABSTRACTION	inanimate	TRUE	passive_subject	kenang-kenangan	ABSTRACTION	inanimate
50	It's the first thing I ever	stole	, actually.	Sebenarnya ini benda pertama yang kucuri.	TRUE	curi	GOODS-OBJ	GOODS-SUBJ-PASS	verb	AV	OV	declarative	TRUE	TRUE	I	HUMAN	AV_gr_subj	animate	TRUE	OV_logical_subj	ku-	HUMAN	animate	FALSE	NA	NA	NA	NA	NA	FALSE	NA	NA	NA	NA	NA	TRUE	direct_object	thing	PRONOUN	inanimate	TRUE	OV_gr_subj	benda	ASSETS	inanimate
52	"""- Do you have proof that she"	stole	?	"""- Kau punya bukti dia mencuri?"	TRUE	mencuri	INTR	INTR	verb	AV	AV	interrogative	TRUE	TRUE	she	HUMAN	AV_gr_subj	animate	TRUE	AV_gr_subj	dia	HUMAN	animate	FALSE	NA	NA	NA	NA	NA	FALSE	NA	NA	NA	NA	NA	FALSE	NA	NA	NA	NA	FALSE	NA	NA	NA	NA
56	The chemicals they	stole	"""--torinium and lydracide-- they have absolutely zero street value."	Bahan kimia yang mereka curi-- torinium dan lydracide-- keduanya sama sekali tak bernilai di jalanan sana.	TRUE	curi	GOODS-OBJ	GOODS-SUBJ-PASS	verb	AV	OV	declarative	TRUE	TRUE	they	HUMAN	AV_gr_subj	animate	TRUE	OV_logical_subj	mereka	HUMAN	animate	FALSE	NA	NA	NA	NA	NA	FALSE	NA	NA	NA	NA	NA	TRUE	direct_object	chemical	DRUG	inanimate	TRUE	OV_gr_subj	bahan kimia	DRUG	inanimate
57	"What do you mean, """	stole	"""? Like, picked your pocket?"	"Apa maksudmu, ""mencuri"" seperti, mencopet dari sakumu?"	TRUE	mencuri	NOMINAL	NOMINAL	verb	NOMINAL	AV	interrogative	FALSE	FALSE	NA	NA	NA	NA	FALSE	NA	NA	NA	NA	FALSE	NA	NA	NA	NA	NA	FALSE	NA	NA	NA	NA	NA	NA	NA	NA	NA	NA	NA	NA	NA	NA	NA
59	And he	stole	$500 from me, back in the 1980s!	Dan dia mencuri $ 500 dariku..,.. Saat tahun 1980 !	TRUE	mencuri	GOODS-OBJ	GOODS-OBJ	verb	AV	AV	declarative	TRUE	TRUE	he	HUMAN	AV_gr_subj	animate	TRUE	AV_gr_subj	dia	HUMAN	animate	TRUE	pp_complement	me	HUMAN	victim	animate	TRUE	pp_complement	-ku	HUMAN	victim	animate	TRUE	direct_object	$500	ASSETS	inanimate	TRUE	direct_object	$500	ASSETS	inanimate
60	You	stole	a car, ran over a hillbilly, you got arrested, you got in a prison fight.	Anda mencuri mobil, menabrak sebuah dusun, Anda ditangkap, Anda masuk bertengkar penjara.	TRUE	mencuri	GOODS-OBJ	GOODS-OBJ	verb	AV	AV	declarative	TRUE	TRUE	you	HUMAN	AV_gr_subj	animate	TRUE	AV_gr_subj	anda	HUMAN	animate	FALSE	NA	NA	NA	NA	NA	FALSE	NA	NA	NA	NA	NA	TRUE	direct_object	car	VEHICLE	inanimate	TRUE	direct_object	mobil	VEHICLE	inanimate
62	I only	stole	a few coins.	Aku hanya mencuri beberapa koin.	TRUE	mencuri	GOODS-OBJ	GOODS-OBJ	verb	AV	AV	declarative	TRUE	TRUE	I	HUMAN	AV_gr_subj	animate	TRUE	AV_gr_subj	aku	HUMAN	animate	FALSE	NA	NA	NA	NA	NA	FALSE	NA	NA	NA	NA	NA	TRUE	direct_object	coin	ASSETS	inanimate	TRUE	direct_object	koin	ASSETS	inanimate
64	The other day, someone	stole	a radio...	Beberapa hari yang lalu, seseorang mencuri radio.	TRUE	mencuri	GOODS-OBJ	GOODS-OBJ	verb	AV	AV	declarative	TRUE	TRUE	someone	HUMAN	AV_gr_subj	animate	TRUE	AV_gr_subj	seseorang	HUMAN	animate	FALSE	NA	NA	NA	NA	NA	FALSE	NA	NA	NA	NA	NA	TRUE	direct_object	radio	ELECTRONICS	inanimate	TRUE	direct_object	radio	ELECTRONICS	inanimate
65	He	stole	a truck when he was eleven years old.	Dia mencuri sebuah truk saat berusia 11 tahun.	TRUE	mencuri	GOODS-OBJ	GOODS-OBJ	verb	AV	AV	declarative	TRUE	TRUE	he	HUMAN	AV_gr_subj	animate	TRUE	AV_gr_subj	dia	HUMAN	animate	FALSE	NA	NA	NA	NA	NA	FALSE	NA	NA	NA	NA	NA	TRUE	direct_object	truck	VEHICLE	inanimate	TRUE	direct_object	truk	VEHICLE	inanimate
67	Does spyder know you and Lupe	stole	all the drugs?	Apakah spyder tau kau dan lupe mencuri semua obat?	TRUE	mencuri	GOODS-OBJ	GOODS-OBJ	verb	AV	AV	interrogative	TRUE	TRUE	you_and_Lupe	HUMAN	AV_gr_subj	animate	TRUE	AV_gr_subj	kau_dan_lupe	HUMAN	animate	FALSE	NA	NA	NA	NA	NA	FALSE	NA	NA	NA	NA	NA	TRUE	direct_object	drugs	DRUG	inanimate	TRUE	direct_object	obat	DRUG	inanimate
68	With the man who	stole	beckworth. - It is a complicated issue.	Dia ingin tahu mengapa aku sangat marah dengan orang yang mencuri Beckworth.	TRUE	mencuri	TARGET-OBJ	TARGET-OBJ	verb	AV	AV	declarative	TRUE	TRUE	man	HUMAN	AV_gr_subj_in_RelCl	animate	TRUE	AV_gr_subj_in_RelCl	orang	HUMAN	animate	TRUE	direct_object	Beckworth	PLACE	source	inanimate	TRUE	direct_object	Beckworth	PLACE	source	inanimate	FALSE	NA	NA	NA	NA	FALSE	NA	NA	NA	NA
74	I	stole	everything for us.	Aku mencuri apa saja untuk kita.	TRUE	mencuri	GOODS-OBJ	GOODS-OBJ	verb	AV	AV	declarative	TRUE	TRUE	I	HUMAN	AV_gr_subj	animate	TRUE	AV_gr_subj	aku	HUMAN	animate	FALSE	NA	NA	NA	NA	NA	FALSE	NA	NA	NA	NA	NA	TRUE	direct_object	everything	PRONOUN	inanimate	TRUE	direct_object	apa saja	PRONOUN	inanimate
75	You	stole	food from a wheelchair bound retarded boy.	Kau mencuri makanan dari anak terbelang yang berkursi roda.	TRUE	mencuri	GOODS-OBJ	GOODS-OBJ	verb	AV	AV	declarative	TRUE	TRUE	you	HUMAN	AV_gr_subj	animate	TRUE	AV_gr_subj	kau	HUMAN	animate	TRUE	pp_complement	boy	HUMAN	victim	animate	TRUE	pp_complement	anak	HUMAN	victim	animate	TRUE	direct_object	food	FOOD	inanimate	TRUE	direct_object	makanan	FOOD	inanimate
77	"""- Yes, I do. Tell me about it. Like the letter says, which I wrote in a moment of anger, they"	stole	from me, from my family.	Seperti kata suratnya, yang kutulis dalam kemarahan, mereka mencuri dariku, dari keluargaku.	TRUE	mencuri	INTR	INTR	verb	AV	AV	declarative	TRUE	TRUE	they	HUMAN	AV_gr_subj	animate	TRUE	AV_gr_subj	mereka	HUMAN	animate	TRUE	pp_complement	me_my family	HUMAN	victim	animate	TRUE	pp_complement	-ku	HUMAN	victim	animate	FALSE	NA	NA	NA	NA	FALSE	NA	NA	NA	NA
78	Where's the matchbox you	stole	from me?	Di mana korek api yang kau curi dariku?	TRUE	curi	GOODS-OBJ	GOODS-SUBJ-PASS	verb	AV	OV	interrogative	TRUE	TRUE	you	HUMAN	AV_gr_subj	animate	TRUE	OV_logical_subj	kau	HUMAN	animate	TRUE	pp_complement	me	HUMAN	victim	animate	TRUE	pp_complement	-ku	HUMAN	victim	animate	TRUE	direct_object	matchbox	TOOL	inanimate	TRUE	OV_gr_subj	korek api	TOOL	inanimate
81	"""It was I who"	stole	"fruits, set fire to people's trousers... right?"""	Akulah yang mencuri buah, bakar celana orang, benar?	TRUE	mencuri	GOODS-OBJ	GOODS-OBJ	verb	AV	AV	declarative	TRUE	TRUE	I	HUMAN	AV_gr_subj_in_RelCl	animate	TRUE	AV_gr_subj_in_RelCl	aku	HUMAN	animate	FALSE	NA	NA	NA	NA	NA	FALSE	NA	NA	NA	NA	NA	TRUE	direct_object	fruit	FOOD	inanimate	TRUE	direct_object	buah	FOOD	inanimate
83	"""- You"	stole	him from Scott Fischer.	"""- Kau menculiknya dari Scott Fischer."	TRUE	menculik	GOODS-OBJ	GOODS-OBJ	verb	AV	AV	declarative	TRUE	TRUE	you	HUMAN	AV_gr_subj	animate	TRUE	AV_gr_subj	kau	HUMAN	animate	TRUE	pp_complement	Scott Fischer	HUMAN	victim	animate	TRUE	pp_complement	Scott Fischer	HUMAN	victim	animate	TRUE	direct_object	him	HUMAN	animate	TRUE	encliticised_direct_object	-nya	PRONOUN	animate
86	I snuck into his truck and, uh,	stole	his sunflower seeds.	Aku masuk ke mobilnya dan, uh, mencuri biji bunga mataharinya.	TRUE	mencuri	GOODS-OBJ	GOODS-OBJ	verb	AV	AV	declarative	TRUE	TRUE	I	HUMAN	AV_gr_subj	animate	TRUE	AV_gr_subj	aku	HUMAN	animate	TRUE	possessive_determiner	his	HUMAN	victim	animate	TRUE	possessive_determiner	-nya	HUMAN	victim	animate	TRUE	direct_object	seed	PLANT	animate	TRUE	direct_object	biji bunga matahari	PLANT	inanimate
88	The last time we needed it, we, uh,	stole	it from a one-percenter.	Terakhir kali kami membutuhkannya, kami mencurinya dari seorang kaya.	TRUE	mencuri	GOODS-OBJ	GOODS-OBJ	verb	AV	AV	declarative	TRUE	TRUE	we	HUMAN	AV_gr_subj	animate	TRUE	AV_gr_subj	kami	HUMAN	animate	TRUE	pp_complement	one-percenter	HUMAN	victim	animate	TRUE	pp_complement	seorang kaya	HUMAN	victim	animate	TRUE	direct_object	it	PRONOUN	inanimate	TRUE	encliticised_direct_object	-nya	PRONOUN	inanimate
89	They	stole	it from the race track.	Mereka mencurinya dari tempat pacuan kuda.	TRUE	mencuri	GOODS-OBJ	GOODS-OBJ	verb	AV	AV	declarative	TRUE	TRUE	they	HUMAN	AV_gr_subj	animate	TRUE	AV_gr_subj	mereka	HUMAN	animate	TRUE	pp_complement	race track	PLACE	source	inanimate	TRUE	pp_complement	tempat	PLACE	source	inanimate	TRUE	direct_object	it	PRONOUN	inanimate	TRUE	encliticised_direct_object	-nya	PRONOUN	inanimate
91	We, uh,	stole	it from these dumb-ass cops.	Kami, eh, mencuri dari ini bodoh-ass polisi.	TRUE	mencuri	GOODS-OBJ	GOODS-OBJ	verb	AV	AV	declarative	TRUE	TRUE	we	HUMAN	AV_gr_subj	animate	TRUE	AV_gr_subj	kami	HUMAN	animate	TRUE	pp_complement	cops	HUMAN	victim	animate	TRUE	pp_complement	polisi	HUMAN	victim	animate	TRUE	direct_object	it	PRONOUN	inanimate	FALSE	NA	NA	NA	NA
92	Vultan	stole	it while we were burying our dead.	Vultan mencurinya saat kami mengubur jenazah rekan kami.	TRUE	mencuri	GOODS-OBJ	GOODS-OBJ	verb	AV	AV	declarative	TRUE	TRUE	Vultan	HUMAN	AV_gr_subj	animate	TRUE	AV_gr_subj	Vultan	HUMAN	animate	FALSE	NA	NA	NA	NA	NA	FALSE	NA	NA	NA	NA	NA	TRUE	direct_object	it	PRONOUN	inanimate	TRUE	encliticised_direct_object	-nya	PRONOUN	inanimate
94	I shall take back the North from the thieves who	stole	it.	Aku akan merebut kembali Utara dari pencuri yang merampasnya.	TRUE	merampas	GOODS-OBJ	GOODS-OBJ	verb	AV	AV	declarative	TRUE	TRUE	thieves	HUMAN	AV_gr_subj_in_RelCl	animate	TRUE	AV_gr_subj	pencuri	HUMAN	animate	FALSE	NA	NA	NA	NA	NA	FALSE	NA	NA	NA	NA	NA	TRUE	direct_object	it	PRONOUN	inanimate	TRUE	direct_object	-nya	PRONOUN	inanimate
96	"""- I thought he"	stole	it.	"""- Kukira dia mencurinya."	TRUE	mencuri	GOODS-OBJ	GOODS-OBJ	verb	AV	AV	declarative	TRUE	TRUE	I	HUMAN	AV_gr_subj	animate	TRUE	AV_gr_subj	dia	HUMAN	animate	FALSE	NA	NA	NA	NA	NA	FALSE	NA	NA	NA	NA	NA	TRUE	direct_object	it	PRONOUN	inanimate	TRUE	encliticised_direct_object	-nya	PRONOUN	inanimate
97	Xiao	stole	it.What's our next step?	Xiao mencurinya. Apa langkah kita selanjutnya?	TRUE	mencuri	GOODS-OBJ	GOODS-OBJ	verb	AV	AV	interrogative	TRUE	TRUE	Xiao	HUMAN	AV_gr_subj	animate	TRUE	AV_gr_subj	Xiao	HUMAN	animate	FALSE	NA	NA	NA	NA	NA	FALSE	NA	NA	NA	NA	NA	TRUE	direct_object	it	PRONOUN	inanimate	TRUE	encliticised_direct_object	-nya	PRONOUN	inanimate
99	I	stole	Lionel's Kryptonite key.	Aku mencuri kunci kryptonite-nya Lionel.	TRUE	mencuri	GOODS-OBJ	GOODS-OBJ	verb	AV	AV	declarative	TRUE	TRUE	I	HUMAN	AV_gr_subj	animate	TRUE	AV_gr_subj	aku	HUMAN	animate	TRUE	possessive_determiner	Lionel	HUMAN	victim	animate	TRUE	possessive_determiner	Lionel	HUMAN	victim	animate	TRUE	direct_object	key	TOOL	inanimate	TRUE	direct_object	kunci	TOOL	inanimate
102	Someone	stole	my car this morning.	Mobilku dicuri tadi pagi.	TRUE	dicuri	GOODS-OBJ	GOODS-OBJ	verb	AV	PASS	declarative	TRUE	TRUE	someone	HUMAN	AV_gr_subj	animate	FALSE	NA	NA	NA	NA	TRUE	possessive_determiner	my	HUMAN	victim	animate	TRUE	possessive_determiner	-ku	HUMAN	victim	animate	TRUE	direct_object	car	VEHICLE	inanimate	TRUE	passive_subject	mobil	VEHICLE	inanimate
104	They	stole	my copyright, and now there's a new edition, and guess what?	Mereka mencuri hak cipta, dan sekarang ada edisi baru, dan coba tebak?	TRUE	mencuri	GOODS-OBJ	GOODS-OBJ	verb	AV	AV	declarative	TRUE	TRUE	they	HUMAN	AV_gr_subj	animate	TRUE	AV_gr_subj	mereka	HUMAN	animate	TRUE	possessive_determiner	my	HUMAN	victim	animate	FALSE	NA	NA	NA	NA	NA	TRUE	direct_object	copyright	ASSETS	inanimate	TRUE	direct_object	hak cipta	ASSETS	inanimate
105	He disarmed me, held me at gunpoint then he	stole	my damn ride.	Dia melucutiku, menodongku dan mencuri kendaraanku.	TRUE	mencuri	GOODS-OBJ	GOODS-OBJ	verb	AV	AV	declarative	TRUE	TRUE	he	HUMAN	AV_gr_subj	animate	TRUE	AV_gr_subj	dia	HUMAN	animate	TRUE	possessive_determiner	my	HUMAN	victim	animate	TRUE	possessive_determiner	-ku	HUMAN	victim	animate	TRUE	direct_object	ride	VEHICLE	inanimate	TRUE	direct_object	kendaraan	VEHICLE	inanimate
107	Until stagg	stole	my research.	Sampai Stagg mencuri penelitianku.	TRUE	mencuri	GOODS-OBJ	GOODS-OBJ	verb	AV	AV	declarative	TRUE	TRUE	Stagg	HUMAN	AV_gr_subj	animate	TRUE	AV_gr_subj	Stagg	HUMAN	animate	TRUE	possessive_determiner	my	HUMAN	victim	animate	TRUE	possessive_determiner	-ku	HUMAN	victim	animate	TRUE	direct_object	research	ASSETS	inanimate	TRUE	direct_object	penelitian	ASSETS	inanimate
112	I know you	stole	our routine.	Saya tahu kau mencuri rutinitas kami.	TRUE	mencuri	GOODS-OBJ	GOODS-OBJ	verb	AV	AV	declarative	TRUE	TRUE	you	HUMAN	AV_gr_subj	animate	TRUE	AV_gr_subj	kau	HUMAN	animate	TRUE	possessive_determiner	our	HUMAN	victim	animate	TRUE	possessive_determiner	kami	HUMAN	victim	animate	TRUE	direct_object	routine	ABSTRACTION	inanimate	TRUE	direct_object	rutinitas	ABSTRACTION	inanimate
113	She broke into my desk, and she	stole	our vacation money.	dan mencuri uang liburan kita.	TRUE	mencuri	GOODS-OBJ	GOODS-OBJ	verb	AV	AV	declarative	TRUE	TRUE	she	HUMAN	AV_gr_subj	animate	FALSE	NA	NA	NA	NA	TRUE	possessive_determiner	our	HUMAN	victim	animate	TRUE	possessive_determiner	kita	HUMAN	victim	animate	TRUE	direct_object	money	ASSETS	inanimate	TRUE	direct_object	uang liburan	ASSETS	inanimate
114	Dude, the fucking midgets just	stole	our women.	Teman, mereka mencuri wanita kami.	TRUE	mencuri	GOODS-OBJ	GOODS-OBJ	verb	AV	AV	declarative	TRUE	TRUE	midgets	HUMAN	AV_gr_subj	animate	TRUE	AV_gr_subj	mereka	HUMAN	animate	TRUE	possessive_determiner	our	HUMAN	victim	animate	TRUE	possessive_determiner	kami	HUMAN	victim	animate	TRUE	direct_object	women	HUMAN	animate	TRUE	direct_object	wanita	HUMAN	animate
115	You	stole	parts for your old cars.	Kakek juga dulu curi onderdil buat mobilnya.	TRUE	curi	GOODS-OBJ	GOODS-OBJ	verb	AV	AV	declarative	TRUE	TRUE	you	HUMAN	AV_gr_subj	animate	TRUE	AV_gr_subj	kakek	HUMAN	animate	FALSE	NA	NA	NA	NA	NA	FALSE	NA	NA	NA	NA	NA	TRUE	direct_object	part	TOOL	inanimate	TRUE	direct_object	onderdil	TOOL	inanimate
120	You	stole	that treasure from them!	Kau mencuri harta itu dari mereka!	TRUE	mencuri	GOODS-OBJ	GOODS-OBJ	verb	AV	AV	declarative	TRUE	TRUE	you	HUMAN	AV_gr_subj	animate	TRUE	AV_gr_subj	kau	HUMAN	animate	TRUE	pp_complement	them	HUMAN	victim	animate	TRUE	pp_complement	mereka	HUMAN	victim	animate	TRUE	direct_object	treasure	ASSETS	inanimate	TRUE	direct_object	harta	ASSETS	inanimate
121	You	stole	the CIA's electromagnetic bullet shield.	Anda mencuri elektromagnetik perisai peluru CIA.	TRUE	mencuri	GOODS-OBJ	GOODS-OBJ	verb	AV	AV	declarative	TRUE	TRUE	you	HUMAN	AV_gr_subj	animate	TRUE	AV_gr_subj	anda	HUMAN	animate	TRUE	possessive_determiner	CIA	HUMAN	source	inanimate	TRUE	possessive_determiner	CIA	HUMAN	source	inanimate	TRUE	direct_object	shield	WEAPON	inanimate	TRUE	direct_object	perisai_peluru_elektromagnetik	WEAPON	inanimate
124	Somebody had to tell you who	stole	the goods.	Seseorang harus memberitahu Anda yang mencuri barang.	TRUE	mencuri	GOODS-OBJ	GOODS-OBJ	verb	AV	AV	declarative	TRUE	TRUE	who	HUMAN	AV_gr_subj	animate	TRUE	AV_gr_subj	yang	HUMAN	animate	FALSE	NA	NA	NA	NA	NA	FALSE	NA	NA	NA	NA	NA	TRUE	direct_object	goods	ASSETS	inanimate	TRUE	direct_object	barang	ASSETS	inanimate
125	Two hours ago, unknown persons	stole	the hard drive from Deputy Director Rovick's home in Dupont Circle.	2 jam yang lalu, orang tak dikenal mencuri cakram keras... dari rumah Deputi Direktur Rovick di Dupont Circle.	TRUE	mencuri	GOODS-OBJ	GOODS-OBJ	verb	AV	AV	declarative	TRUE	TRUE	persons	HUMAN	AV_gr_subj	animate	TRUE	AV_gr_subj	orang_tak_dikenal	HUMAN	animate	TRUE	pp_complement	home	PLACE	source	inanimate	TRUE	pp_complement	rumah	PLACE	source	inanimate	TRUE	direct_object	hard drive	ELECTRONICS	inanimate	TRUE	direct_object	cakram keras	ELECTRONICS	inanimate
129	They ambushed Jin We and	stole	the sacred orb.	Mereka menyerang Jin We dan mencuri bola keramatnya.	TRUE	mencuri	GOODS-OBJ	GOODS-OBJ	verb	AV	AV	declarative	TRUE	TRUE	they	HUMAN	AV_gr_subj	animate	TRUE	AV_gr_subj	mereka	HUMAN	animate	FALSE	NA	NA	NA	NA	NA	FALSE	NA	NA	NA	NA	NA	TRUE	direct_object	orb	ASSETS	inanimate	TRUE	direct_object	bola	ASSETS	inanimate
133	I can't believe you guys	stole	this from her house.	Aku tak percaya kalian Mengambil ini dari rumahnya.	TRUE	mengambil	GOODS-OBJ	GOODS-OBJ	verb	AV	AV	declarative	TRUE	TRUE	you	HUMAN	AV_gr_subj	animate	TRUE	AV_gr_subj	kalian	HUMAN	animate	TRUE	pp_complement	house	PLACE	source	inanimate	TRUE	pp_complement	rumah	PLACE	source	inanimate	TRUE	direct_object	this	PRONOUN	inanimate	TRUE	direct_object	ini	PRONOUN	inanimate
135	I	stole	this woman's body so that I could come see you.	Aku mencuri tubuh gadis ini untuk bertemu denganmu.	TRUE	mencuri	GOODS-OBJ	GOODS-OBJ	verb	AV	AV	declarative	TRUE	TRUE	I	HUMAN	AV_gr_subj	animate	TRUE	AV_gr_subj	aku	HUMAN	animate	TRUE	possessive_determiner	woman	HUMAN	victim	animate	TRUE	possessive_determiner	gadis	HUMAN	victim	animate	TRUE	direct_object	body	BODY PART	inanimate	TRUE	direct_object	tubuh	BODY PART	inanimate
136	Sorry I can't take you back to where I	stole	you for maintenance.	Maaf aku tak bisa mengembalikanmu Ke tempat aku mencurimu.	TRUE	mencuri	GOODS-OBJ	GOODS-OBJ	verb	AV	AV	declarative	TRUE	TRUE	I	HUMAN	AV_gr_subj	animate	TRUE	AV_gr_subj	aku	HUMAN	animate	FALSE	NA	NA	NA	NA	NA	FALSE	NA	NA	NA	NA	NA	TRUE	direct_object	you	HUMAN	animate	TRUE	encliticised_direct_object	-mu	HUMAN	inanimate
137	And I think, he felt like I	stole	you from him.	Dan kupikir, dia merasa sepertinya aku mencuri kamu darinya.	TRUE	mencuri	GOODS-OBJ	GOODS-OBJ	verb	AV	AV	declarative	TRUE	TRUE	I	HUMAN	AV_gr_subj	animate	TRUE	AV_gr_subj	aku	HUMAN	animate	TRUE	pp_complement	him	HUMAN	victim	animate	TRUE	pp_complement	-nya	HUMAN	victim	animate	TRUE	direct_object	you	HUMAN	animate	TRUE	direct_object	kamu	HUMAN	animate
139	So I	stole	your files.	Jadi kucuri file-mu.	TRUE	curi	GOODS-OBJ	GOODS-OBJ	verb	AV	AV	declarative	TRUE	TRUE	I	HUMAN	AV_gr_subj	animate	TRUE	AV_gr_subj	ku-	HUMAN	animate	TRUE	possessive_determiner	your	HUMAN	victim	animate	TRUE	possessive_determiner	-mu	HUMAN	victim	animate	TRUE	direct_object	file	DOCUMENT	inanimate	TRUE	direct_object	file	DOCUMENT	inanimate
140	Well, he	stole	your husband's ID and started impersonating him.	Dia mencuri identitas suamimu dan mulai meniru dia.	TRUE	mencuri	GOODS-OBJ	GOODS-OBJ	verb	AV	AV	declarative	TRUE	TRUE	he	HUMAN	AV_gr_subj	animate	TRUE	AV_gr_subj	dia	HUMAN	animate	TRUE	possessive_determiner	your husband	HUMAN	victim	animate	TRUE	possessive_determiner	-mu	HUMAN	victim	animate	TRUE	direct_object	ID	DOCUMENT	inanimate	TRUE	direct_object	identitas	DOCUMENT	inanimate
143	That, and nobody	steals	beef barley soup.	Itu, dan tak seorangpun mau mencuri sup barley sapi.	TRUE	mencuri	GOODS-OBJ	GOODS-OBJ	verb	AV	AV	declarative	TRUE	TRUE	nobody	HUMAN	AV_gr_subj	animate	TRUE	AV_gr_subj	tak_seorangpun	HUMAN	animate	FALSE	NA	NA	NA	NA	NA	FALSE	NA	NA	NA	NA	NA	TRUE	direct_object	soup	FOOD	inanimate	TRUE	direct_object	sup	FOOD	inanimate
144	She	steals	clothes, identities--	Dia mencuri pakaian, identitas - b Apa sih yang terjadi di sini?	TRUE	mencuri	GOODS-OBJ	GOODS-OBJ	verb	AV	AV	declarative	TRUE	TRUE	she	HUMAN	AV_gr_subj	animate	TRUE	AV_gr_subj	dia	HUMAN	animate	FALSE	NA	NA	NA	NA	NA	FALSE	NA	NA	NA	NA	NA	TRUE	direct_object	clothes_identity	GARMENT_DOCUMENT	inanimate	TRUE	direct_object	pakaian_identitas	GARMENT_DOCUMENT	inanimate
146	He	steals	from gaming tables and steals a girl's heart	Dia mencuri dari meja judi dan mencuri hati para wanita	TRUE	mencuri	INTR	INTR	verb	AV	AV	declarative	TRUE	TRUE	he	HUMAN	AV_gr_subj	animate	TRUE	AV_gr_subj	dia	HUMAN	animate	TRUE	pp_complement	tables	TOOL	source	inanimate	TRUE	pp_complement	meja	TOOL	source	inanimate	FALSE	NA	NA	NA	NA	FALSE	NA	NA	NA	NA
149	He	steals	our phone chargers.	Dia mencuri pengisi baterai telepon kami.	TRUE	mencuri	GOODS-OBJ	GOODS-OBJ	verb	AV	AV	declarative	TRUE	TRUE	he	HUMAN	AV_gr_subj	animate	TRUE	AV_gr_subj	dia	HUMAN	animate	TRUE	possessive_determiner	our	HUMAN	victim	animate	TRUE	possessive_determiner	kami	HUMAN	victim	animate	TRUE	direct_object	charger	ELECTRONICS	inanimate	TRUE	direct_object	pengisi baterai telepon	ELECTRONICS	inanimate
152	You're	stealing	?	Anda mencuri?	TRUE	mencuri	INTR	INTR	verb	AV	AV	interrogative	TRUE	TRUE	you	HUMAN	AV_gr_subj	animate	TRUE	AV_gr_subj	anda	HUMAN	animate	FALSE	NA	NA	NA	NA	NA	FALSE	NA	NA	NA	NA	NA	FALSE	NA	NA	NA	NA	FALSE	NA	NA	NA	NA
153	Then why did he talk about	stealing	?	Lalu kenapa dia bicara tentang mencuri?	TRUE	mencuri	NOMINAL	NOMINAL	verb	NOMINAL	AV	interrogative	FALSE	FALSE	NA	NA	NA	NA	FALSE	NA	NA	NA	NA	FALSE	NA	NA	NA	NA	NA	FALSE	NA	NA	NA	NA	NA	NA	NA	NA	NA	NA	NA	NA	NA	NA	NA
158	I think she might be	stealing	.	Kupikir dia mungkin mencuri.	TRUE	mencuri	INTR	INTR	verb	AV	AV	declarative	TRUE	TRUE	she	HUMAN	AV_gr_subj	animate	TRUE	AV_gr_subj	dia	HUMAN	animate	FALSE	NA	NA	NA	NA	NA	FALSE	NA	NA	NA	NA	NA	FALSE	NA	NA	NA	NA	FALSE	NA	NA	NA	NA
159	Taking anything from my land would be considered	stealing	. And you don't want to steal from me, do you?	Menggali sesuatu di tanahku bisa disebut mencuri, dan kau tak ingin mencuri dariku, kan?	TRUE	mencuri	NOMINAL	NOMINAL	verb	NOMINAL	AV	declarative	FALSE	FALSE	NA	NA	NA	NA	FALSE	NA	NA	NA	NA	FALSE	NA	NA	NA	NA	NA	FALSE	NA	NA	NA	NA	NA	NA	NA	NA	NA	NA	NA	NA	NA	NA	NA
161	You don't know the first thing about	stealing	' a car!	Kau tidak tahu apa-apa tentang cara mencuri mobil!	TRUE	mencuri	GOODS-OBJ	GOODS-OBJ	verb	NOMINAL	AV	declarative	FALSE	FALSE	NA	NA	NA	NA	FALSE	NA	NA	NA	NA	FALSE	NA	NA	NA	NA	NA	FALSE	NA	NA	NA	NA	NA	TRUE	direct_object	car	VEHICLE	inanimate	TRUE	direct_object	mobil	VEHICLE	inanimate
164	"""- It's streaming right now. - They are planting a virus and"	stealing	a whole lot of data from your system at the same time.	Mereka menyebar virus dan sekaligus mencuri data dari sistemmu.	TRUE	mencuri	GOODS-OBJ	GOODS-OBJ	verb	AV	AV	declarative	TRUE	TRUE	they	HUMAN	AV_gr_subj	animate	TRUE	AV_gr_subj	mereka	HUMAN	animate	TRUE	pp_complement	system	ELECTRONICS	source	inanimate	TRUE	pp_complement	sistem	ELECTRONICS	source	inanimate	TRUE	direct_object	data	ASSETS	inanimate	TRUE	direct_object	data	ASSETS	inanimate
168	Am I the only one who feels funny about	stealing	from a...?	Atau aku hanya merasa tak nyaman untuk mencuri dari seseorang...?	TRUE	mencuri	INTR	INTR	verb	NOMINAL	AV	interrogative	FALSE	TRUE	I	HUMAN	NA	animate	TRUE	NA	aku	HUMAN	animate	TRUE	pp_complement	NA	NA	NA	NA	TRUE	pp_complement	seseorang	HUMAN	victim	animate	FALSE	NA	NA	NA	NA	FALSE	NA	NA	NA	NA
174	Rohan is good at	stealing	hearts!	Rohan yang baik pada mencuri hati!	TRUE	mencuri	GOODS-OBJ	GOODS-OBJ	verb	NOMINAL	AV	declarative	FALSE	TRUE	Rohan	HUMAN	AV_gr_subj	animate	TRUE	NA	Rohan	HUMAN	animate	FALSE	NA	NA	NA	NA	NA	FALSE	NA	NA	NA	NA	NA	TRUE	direct_object	heart	BODY PART	inanimate	TRUE	direct_object	hati	BODY PART	inanimate
175	Is Willie Bank know you're	stealing	his gold flatware, Neil?	Apa Willy Bank tahu kau curi sendok garpu emasnya, Neil?	TRUE	curi	GOODS-OBJ	GOODS-OBJ	verb	AV	AV	interrogative	TRUE	TRUE	you	HUMAN	AV_gr_subj	animate	TRUE	AV_gr_subj	kau	HUMAN	animate	TRUE	possessive_determiner	his	HUMAN	victim	animate	TRUE	possessive_determiner	-nya	HUMAN	victim	animate	TRUE	direct_object	flatware	METAL	inanimate	TRUE	direct_object	sendok garpu emas	METAL	inanimate
177	James - James Van Der Beek. What's up with Pacey	stealing	Joey away from you?	James, tepatnya, James Van Der Beek./ Kenapa Pacey mencuri Joey darimu?	TRUE	mencuri	GOODS-OBJ	GOODS-OBJ	verb	NOMINAL	AV	interrogative	FALSE	TRUE	Pacey	HUMAN	AV_gr_subj_in_SubCl	animate	TRUE	AV_gr_subj	Pacey	HUMAN	animate	TRUE	pp_complement	you	HUMAN	victim	animate	TRUE	pp_complement	-mu	HUMAN	victim	animate	TRUE	direct_object	Joey	HUMAN	animate	TRUE	direct_object	Joey	HUMAN	animate
178	She and her father are responsible for	stealing	medicine from wounded Japanese soldiers and smuggling it to American prisoners of war.	Dia dan ayahnya Bertanggung jawab atas pencurian obat Dari tentara Jepang yang terluka	TRUE	pencurian	NOMINAL	NP	noun	NOMINAL	NOMINAL	declarative	FALSE	TRUE	she_and_her_father	HUMAN	AV_gr_subj	animate	TRUE	NA	dia_dan_ayahnya	HUMAN	animate	TRUE	pp_complement	soldiers	HUMAN	victim	animate	TRUE	pp_complement	tentara	HUMAN	victim	animate	TRUE	direct_object	medicine	DRUG	inanimate	TRUE	noun_modifier	obat	DRUG	inanimate
180	I love that we live in a city where the police are more interested in catching you than the drug-	stealing	mobsters.	Aku suka hidup di kota di mana polisinya lebih tertarik menangkapmu dibandingkan pencuri obatnya.	TRUE	pencuri	NOMINAL	NP	noun	NOMINAL	NOMINAL	declarative	FALSE	TRUE	mobsters	HUMAN	NP_head	animate	NA	NA	NA	NA	NA	FALSE	NA	NA	NA	NA	NA	FALSE	NA	NA	NA	NA	NA	TRUE	direct_object	drug	DRUG	inanimate	TRUE	noun_modifier	obat	DRUG	inanimate
181	Right now y√∂u're	stealing	my dialogue.	Sekarang kau mencuri dialogku.	TRUE	mencuri	GOODS-OBJ	GOODS-OBJ	verb	AV	AV	declarative	TRUE	TRUE	you	HUMAN	AV_gr_subj	animate	TRUE	AV_gr_subj	kau	HUMAN	animate	TRUE	possessive_determiner	my	HUMAN	victim	animate	TRUE	possessive_determiner	-ku	HUMAN	victim	animate	TRUE	direct_object	dialogue	ABSTRACTION	inanimate	TRUE	direct_object	dialog	ABSTRACTION	inanimate
182	Are you	stealing	secrets from MBI?	Kau mencuri rahasia MBI?	TRUE	mencuri	GOODS-OBJ	GOODS-OBJ	verb	AV	AV	interrogative	TRUE	TRUE	you	HUMAN	AV_gr_subj	animate	TRUE	AV_gr_subj	kau	HUMAN	animate	TRUE	pp_complement	MBI	HUMAN	source	inanimate	TRUE	possessive_determiner	MBI	HUMAN	source	inanimate	TRUE	direct_object	secret	ASSETS	inanimate	TRUE	direct_object	rahasia	ASSETS	inanimate
184	Never did get you for	stealing	that money?	Kau tak pernah tertangkap mencuri uang itu?	TRUE	mencuri	GOODS-OBJ	GOODS-OBJ	verb	NOMINAL	AV	interrogative	FALSE	TRUE	you	HUMAN	AV_gr_subj	animate	TRUE	AV_gr_subj	kau	HUMAN	animate	FALSE	NA	NA	NA	NA	NA	FALSE	NA	NA	NA	NA	NA	TRUE	direct_object	money	ASSETS	inanimate	TRUE	direct_object	uang	ASSETS	inanimate
193	"""-"	stealing	up at his store.	"""- mencuri di tokonya."	TRUE	mencuri	INTR	INTR	verb	NOMINAL	AV	declarative	FALSE	FALSE	NA	NA	NA	NA	FALSE	NA	NA	NA	NA	TRUE	possessive_determiner	his	HUMAN	victim	animate	TRUE	possessive_determiner	-nya	HUMAN	victim	animate	FALSE	NA	NA	NA	NA	FALSE	NA	NA	NA	NA
195	for	stealing	wood.	karena mencuri kayu.	TRUE	mencuri	GOODS-OBJ	GOODS-OBJ	verb	NOMINAL	AV	declarative	FALSE	FALSE	NA	NA	NA	NA	FALSE	NA	NA	NA	NA	FALSE	NA	NA	NA	NA	NA	FALSE	NA	NA	NA	NA	NA	TRUE	direct_object	wood	PLANT	inanimate	TRUE	direct_object	kayu	PLANT	inanimate
197	This is one big family, like sisters and brothers, because you have this close relationship, but it's not really close, like	stealing	your heart from your best friend.	Ini adalah salah satu keluarga besar, seperti saudara dan saudara-saudara, karena Anda telah hubungan sedekat ini, tapi bukan sangat dekat, seperti mencuri hati dari teman terbaik Anda.	TRUE	mencuri	GOODS-OBJ	GOODS-OBJ	verb	NOMINAL	AV	declarative	FALSE	FALSE	NA	NA	NA	NA	FALSE	NA	NA	NA	NA	TRUE	pp_complement	friend	HUMAN	victim	animate	TRUE	pp_complement	teman	HUMAN	victim	animate	TRUE	direct_object	heart	BODY PART	inanimate	TRUE	direct_object	hati	BODY PART	inanimate
204	What did he	steal	?	Apa yang dia curi?	TRUE	curi	GOODS-OBJ	GOODS-SUBJ-PASS	verb	AV	OV	interrogative	TRUE	TRUE	he	HUMAN	AV_gr_subj	animate	TRUE	OV_logical_subj	dia	HUMAN	animate	FALSE	NA	NA	NA	NA	NA	FALSE	NA	NA	NA	NA	NA	TRUE	direct_object	what	PRONOUN	inanimate	TRUE	OV_gr_subj	apa	PRONOUN	inanimate
206	I don't want to	steal	.	Aku tak mau mencuri.	TRUE	mencuri	INTR	INTR	verb	AV	AV	declarative	FALSE	TRUE	I	HUMAN	AV_gr_subj	animate	TRUE	AV_gr_subj	aku	HUMAN	animate	FALSE	NA	NA	NA	NA	NA	FALSE	NA	NA	NA	NA	NA	FALSE	NA	NA	NA	NA	FALSE	NA	NA	NA	NA
207	He thought if they were on his arms, he would have a copy that no one else could	steal	.	Dia pikir jika itu dirajahkan di kedua lengannya, itu artinya dia memiliki salinannya. sehingga tak ada seorang pun yang dapat mencurinya.	TRUE	mencuri	GOODS-OBJ	GOODS-OBJ	verb	AV	AV	declarative	TRUE	TRUE	no one	HUMAN	AV_gr_subj	animate	TRUE	AV_gr_subj	tak_ada_seorangpun	HUMAN	animate	FALSE	NA	NA	NA	NA	NA	FALSE	NA	NA	NA	NA	NA	TRUE	direct_object	copy	DOCUMENT	inanimate	TRUE	encliticised_direct_object	-nya	PRONOUN	inanimate
209	We can't do anything but	steal	.	Kami tak bisa melakukan apapun selain mencuri.	TRUE	mencuri	NOMINAL	NOMINAL	verb	NOMINAL	AV	declarative	FALSE	TRUE	we	HUMAN	NA	animate	TRUE	NA	kami	HUMAN	animate	FALSE	NA	NA	NA	NA	NA	FALSE	NA	NA	NA	NA	NA	NA	NA	NA	NA	NA	NA	NA	NA	NA	NA
211	"""- It is always wrong to"	steal	.	"""- Pencurian adalah pencurian, dan selalu salah ."	TRUE	pencurian	NOMINAL	NP	noun	NOMINAL	NOMINAL	declarative	FALSE	FALSE	NA	NA	NA	NA	NA	NA	NA	NA	NA	FALSE	NA	NA	NA	NA	NA	FALSE	NA	NA	NA	NA	NA	NA	NA	NA	NA	NA	NA	NA	NA	NA	NA
212	I sniff. I	steal	.	Aku menghisap kokain, mencuri, aku membunuh.	TRUE	mencuri	INTR	INTR	verb	AV	AV	declarative	TRUE	TRUE	I	HUMAN	AV_gr_subj	animate	TRUE	AV_gr_subj	aku	HUMAN	animate	FALSE	NA	NA	NA	NA	NA	FALSE	NA	NA	NA	NA	NA	FALSE	NA	NA	NA	NA	FALSE	NA	NA	NA	NA
214	Some folk say a nigger don't	steal	~	Ada yang bilang, Negro tak mencuri	TRUE	mencuri	INTR	INTR	verb	AV	AV	declarative	TRUE	TRUE	nigger	HUMAN	AV_gr_subj	animate	TRUE	AV_gr_subj	negro	HUMAN	animate	FALSE	NA	NA	NA	NA	NA	FALSE	NA	NA	NA	NA	NA	FALSE	NA	NA	NA	NA	FALSE	NA	NA	NA	NA
216	If you come perhaps we could both	steal	a boat, hmm?	Jika kau ikut mungkin kita bisa mencuri perahu.	TRUE	mencuri	GOODS-OBJ	GOODS-OBJ	verb	AV	AV	declarative	TRUE	TRUE	we	HUMAN	AV_gr_subj	animate	TRUE	AV_gr_subj	kita	HUMAN	animate	FALSE	NA	NA	NA	NA	NA	FALSE	NA	NA	NA	NA	NA	TRUE	direct_object	boat	VEHICLE	inanimate	TRUE	direct_object	perahu	VEHICLE	inanimate
218	Any of you beauties know where I can	steal	a horse for a good cause?	Setiap dari Anda tahu di mana keindahan Aku bisa mencuri kuda untuk tujuan mulia?	TRUE	mencuri	GOODS-OBJ	GOODS-OBJ	verb	AV	AV	interrogative	TRUE	TRUE	I	HUMAN	AV_gr_subj	animate	TRUE	AV_gr_subj	aku	HUMAN	animate	FALSE	NA	NA	NA	NA	NA	FALSE	NA	NA	NA	NA	NA	TRUE	direct_object	horse	ANIMAL	animate	TRUE	direct_object	kuda	ANIMAL	animate
223	Did you manage to	steal	any firecrackers?	Kau berhasil mencuri petasan?	TRUE	mencuri	GOODS-OBJ	GOODS-OBJ	verb	AV	AV	interrogative	FALSE	TRUE	you	HUMAN	AV_gr_subj	animate	TRUE	AV_gr_subj	kau	HUMAN	animate	FALSE	NA	NA	NA	NA	NA	FALSE	NA	NA	NA	NA	NA	TRUE	direct_object	firecrackers	WEAPON	inanimate	TRUE	direct_object	petasan	WEAPON	inanimate
224	They didn't	steal	anything else?	Mereka tidak mencuri apa-apa lagi? / Tidak.	TRUE	mencuri	GOODS-OBJ	GOODS-OBJ	verb	AV	AV	interrogative	TRUE	TRUE	they	HUMAN	AV_gr_subj	animate	TRUE	AV_gr_subj	mereka	HUMAN	animate	FALSE	NA	NA	NA	NA	NA	FALSE	NA	NA	NA	NA	NA	TRUE	direct_object	anything	PRONOUN	inanimate	TRUE	direct_object	apa-apa	PRONOUN	inanimate
225	..Where you can't	steal	anything from us.	... di mana kau tidak bisa mencuri sesuatu dari kami.	TRUE	mencuri	GOODS-OBJ	GOODS-OBJ	verb	AV	AV	declarative	TRUE	TRUE	you	HUMAN	AV_gr_subj	animate	TRUE	AV_gr_subj	kau	HUMAN	animate	TRUE	pp_complement	us	HUMAN	victim	animate	TRUE	pp_complement	kami	HUMAN	victim	animate	TRUE	direct_object	anything	PRONOUN	inanimate	TRUE	direct_object	sesuatu	PRONOUN	inanimate
229	I know you're here to	steal	Chapple's money.	Aku tahu kalian disini ingin mencuri uang Chapple.	TRUE	mencuri	GOODS-OBJ	GOODS-OBJ	verb	AV	AV	declarative	FALSE	TRUE	you	HUMAN	AV_gr_subj	animate	TRUE	AV_gr_subj	kalian	HUMAN	animate	TRUE	possessive_determiner	Chapple	HUMAN	victim	animate	TRUE	possessive_determiner	Chapple	HUMAN	victim	animate	TRUE	direct_object	money	ASSETS	inanimate	TRUE	direct_object	uang	ASSETS	inanimate
231	I can't	steal	files from her boss's office right now.	Aku tidak bisa mencuri berkas dari kantor atasannya saat ini.	TRUE	mencuri	GOODS-OBJ	GOODS-OBJ	verb	AV	AV	declarative	TRUE	TRUE	I	HUMAN	AV_gr_subj	animate	TRUE	AV_gr_subj	aku	HUMAN	animate	TRUE	pp_complement	office	PLACE	source	inanimate	TRUE	pp_complement	kantor	PLACE	source	inanimate	TRUE	direct_object	file	DOCUMENT	inanimate	TRUE	direct_object	berkas	DOCUMENT	inanimate
233	They all flatter me and now it's difficult to find a target to	steal	from	Mereka semua menyanjung saya dan sekarang sulit untuk menemukan target untuk mencuri dari	TRUE	mencuri	INTR	INTR	verb	AV	AV	declarative	FALSE	FALSE	NA	NA	NA	NA	FALSE	NA	NA	NA	NA	TRUE	pp_complement	target	???	source	inanimate	TRUE	pp_complement	target	???	source	inanimate	FALSE	NA	NA	NA	NA	FALSE	NA	NA	NA	NA
235	And technically she did	steal	hardware.	Dan secara teknis dia mencuri hardware.	TRUE	mencuri	GOODS-OBJ	GOODS-OBJ	verb	AV	AV	declarative	TRUE	TRUE	she	HUMAN	AV_gr_subj	animate	TRUE	AV_gr_subj	dia	HUMAN	animate	FALSE	NA	NA	NA	NA	NA	FALSE	NA	NA	NA	NA	NA	TRUE	direct_object	hardware	ELECTRONICS	inanimate	TRUE	direct_object	hardware	ELECTRONICS	inanimate
236	Do you	steal	her cell phone?	Kau mencuri ponselnya?	TRUE	mencuri	GOODS-OBJ	GOODS-OBJ	verb	AV	AV	interrogative	TRUE	TRUE	you	HUMAN	AV_gr_subj	animate	TRUE	AV_gr_subj	kau	HUMAN	animate	TRUE	possessive_determiner	her	HUMAN	victim	animate	TRUE	possessive_determiner	-nya	HUMAN	victim	animate	TRUE	direct_object	cell phone	ELECTRONICS	inanimate	TRUE	direct_object	ponsel	ELECTRONICS	inanimate
237	Me and the boys take off, we break into your Mom's house, and we	steal	her computer.	Aku dan anak-anak pergi, kami menerobos masuk ke rumah ibumu, dan mencuri komputer dia.	TRUE	mencuri	GOODS-OBJ	GOODS-OBJ	verb	AV	AV	declarative	TRUE	TRUE	we	HUMAN	AV_gr_subj	animate	TRUE	AV_gr_subj	kami	HUMAN	animate	TRUE	possessive_determiner	her	HUMAN	victim	animate	TRUE	possessive_determiner	dia	HUMAN	victim	animate	TRUE	direct_object	computer	ELECTRONICS	inanimate	TRUE	direct_object	komputer	ELECTRONICS	inanimate
239	Your rivals tried to	steal	it and put out a clone.	Para pesaingmu sedang mencoba untuk mencurinya Dan menconteknya.	TRUE	mencuri	GOODS-OBJ	GOODS-OBJ	verb	AV	AV	declarative	FALSE	TRUE	rivals	HUMAN	AV_gr_subj	animate	TRUE	AV_gr_subj	pesaing	HUMAN	animate	FALSE	NA	NA	NA	NA	NA	FALSE	NA	NA	NA	NA	NA	TRUE	direct_object	it	PRONOUN	inanimate	TRUE	encliticised_direct_object	-nya	PRONOUN	inanimate
240	We're gonna	steal	it back.	Kami akan mencurinya kembali.	TRUE	mencuri	GOODS-OBJ	GOODS-OBJ	verb	AV	AV	declarative	FALSE	TRUE	we	HUMAN	AV_gr_subj	animate	TRUE	AV_gr_subj	kami	HUMAN	animate	FALSE	NA	NA	NA	NA	NA	FALSE	NA	NA	NA	NA	NA	TRUE	direct_object	it	PRONOUN	inanimate	TRUE	encliticised_direct_object	-nya	PRONOUN	inanimate
241	When the egg goes on display Monday morning you'll have 48 hours to	steal	it before your deadline's up.	Ketika telur itu dipamerkan Senin pagi kau punya waktu 48 jam untuk mencurinya sebelum tenggat waktumu habis.	TRUE	mencuri	GOODS-OBJ	GOODS-OBJ	verb	AV	AV	declarative	FALSE	TRUE	you	HUMAN	AV_gr_subj	animate	TRUE	AV_gr_subj	kau	HUMAN	animate	FALSE	NA	NA	NA	NA	NA	FALSE	NA	NA	NA	NA	NA	TRUE	direct_object	it	PRONOUN	inanimate	TRUE	encliticised_direct_object	-nya	PRONOUN	inanimate
242	You want me to	steal	it for you.	Kau mau aku mencurinya?	TRUE	mencuri	GOODS-OBJ	GOODS-OBJ	verb	AV	AV	interrogative	FALSE	TRUE	me	HUMAN	AV_gr_subj_in_SubCl	animate	TRUE	AV_gr_subj_in_SubCl	aku	HUMAN	animate	FALSE	NA	NA	NA	NA	NA	FALSE	NA	NA	NA	NA	NA	TRUE	direct_object	it	PRONOUN	inanimate	TRUE	encliticised_direct_object	-nya	PRONOUN	inanimate
246	It was until Shadowspire tried to	steal	it.	Memang, sampai Shadowspire mencoba untuk mencurinya.	TRUE	mencuri	GOODS-OBJ	GOODS-OBJ	verb	AV	AV	declarative	FALSE	TRUE	Shadowspire	HUMAN	AV_gr_subj	animate	TRUE	AV_gr_subj	Shadowspire	HUMAN	animate	FALSE	NA	NA	NA	NA	NA	FALSE	NA	NA	NA	NA	NA	TRUE	direct_object	it	PRONOUN	inanimate	TRUE	encliticised_direct_object	-nya	PRONOUN	inanimate
253	How dare you try to	steal	my egg?	Beraninya kau mencoba mencuri telurku?	TRUE	mencuri	GOODS-OBJ	GOODS-OBJ	verb	AV	AV	interrogative	FALSE	TRUE	you	HUMAN	AV_gr_subj	animate	TRUE	AV_gr_subj	kau	HUMAN	animate	TRUE	possessive_determiner	my	HUMAN	victim	animate	TRUE	possessive_determiner	-ku	HUMAN	victim	animate	TRUE	direct_object	egg	FOOD	inanimate	TRUE	direct_object	telur	FOOD	inanimate
255	Did you have to	steal	my nutcracker?	Apakah Kamu harus mencuri alat pemecah buah keras saya?	TRUE	mencuri	GOODS-OBJ	GOODS-OBJ	verb	AV	AV	interrogative	FALSE	TRUE	you	HUMAN	AV_gr_subj	animate	TRUE	AV_gr_subj	kamu	HUMAN	animate	TRUE	possessive_determiner	my	HUMAN	victim	animate	TRUE	possessive_determiner	saya	HUMAN	victim	animate	TRUE	direct_object	nutcracker	TOOL	inanimate	TRUE	direct_object	alat	TOOL	inanimate
256	Let the stealer	steal	"no more."""	"Hingga tak ada lagi yang harus dicuri oleh pencuri."""	TRUE	dicuri	INTR	GOODS-SUBJ-PASS	verb	AV	PASS	imperative	FALSE	TRUE	stealer	HUMAN	AV_gr_subj	animate	TRUE	passive_AGENT	pencuri	HUMAN	animate	FALSE	NA	NA	NA	NA	NA	FALSE	NA	NA	NA	NA	NA	FALSE	NA	NA	NA	NA	TRUE	passive_subject	tak ada lagi	PRONOUN	inanimate
259	This camera doesn't just	steal	people's youth.	Kamera ini tidak hanya mencuri masa muda orang-orang.	TRUE	mencuri	GOODS-OBJ	GOODS-OBJ	verb	AV	AV	declarative	TRUE	TRUE	camera	ELECTRONICS	AV_gr_subj	inanimate	TRUE	AV_gr_subj	kamera	ELECTRONICS	animate	TRUE	possessive_determiner	people	HUMAN	victim	animate	TRUE	possessive_determiner	orang-orang	HUMAN	victim	animate	TRUE	direct_object	youth	ABSTRACTION	inanimate	TRUE	direct_object	masa muda	ABSTRACTION	inanimate
261	I was born to	steal	shit.	Aku sudah ditakdirkan mencuri semua itu.	TRUE	mencuri	GOODS-OBJ	GOODS-OBJ	verb	AV	AV	declarative	FALSE	TRUE	I	HUMAN	AV_gr_subj	animate	TRUE	AV_gr_subj	aku	HUMAN	animate	FALSE	NA	NA	NA	NA	NA	FALSE	NA	NA	NA	NA	NA	TRUE	direct_object	shit	ASSETS	inanimate	TRUE	direct_object	semua itu	PRONOUN	inanimate
262	Watched him	steal	some guy's Frisbee.	Melihatnya mencuri Frisbee.	TRUE	mencuri	GOODS-OBJ	GOODS-OBJ	verb	AV	AV	declarative	FALSE	TRUE	him	HUMAN	AV_gr_subj_in_SubCl	animate	TRUE	AV_gr_subj	-nya	HUMAN	animate	TRUE	possessive_determiner	guy	HUMAN	victim	animate	FALSE	NA	NA	NA	NA	NA	TRUE	direct_object	Frisbee	TOOL	inanimate	TRUE	direct_object	frisbee	TOOL	inanimate
264	I'm gonna go take a dump now. If anyone wanna	steal	something from this company,	Aku mau pulang sekarang, jika ada yang ingin mencuri sesuatu dari perusahaan ini,	TRUE	mencuri	GOODS-OBJ	GOODS-OBJ	verb	AV	AV	declarative	FALSE	TRUE	anyone	HUMAN	AV_gr_subj	animate	TRUE	AV_gr_subj	ada_yang	HUMAN	animate	TRUE	pp_complement	company	HUMAN	source	inanimate	TRUE	pp_complement	perusahaan	HUMAN	source	inanimate	TRUE	direct_object	something	PRONOUN	inanimate	TRUE	direct_object	sesuatu	PRONOUN	inanimate
265	"""- No. Cady, you gotta"	steal	that book.	/ Tunggu, Cady, kau harus mencuri buku itu.	TRUE	mencuri	GOODS-OBJ	GOODS-OBJ	verb	AV	AV	declarative	FALSE	TRUE	you	HUMAN	AV_gr_subj	animate	TRUE	AV_gr_subj	kau	HUMAN	animate	FALSE	NA	NA	NA	NA	NA	FALSE	NA	NA	NA	NA	NA	TRUE	direct_object	book	DOCUMENT	inanimate	TRUE	direct_object	buku	DOCUMENT	inanimate
266	So did Lane	steal	that crystal?	Jadi, apa benar Lane mencuri kristal itu?	TRUE	mencuri	GOODS-OBJ	GOODS-OBJ	verb	AV	AV	interrogative	FALSE	TRUE	Lane	HUMAN	AV_gr_subj	animate	TRUE	AV_gr_subj	Lane	HUMAN	animate	FALSE	NA	NA	NA	NA	NA	FALSE	NA	NA	NA	NA	NA	TRUE	direct_object	crystal	MINERAL	inanimate	TRUE	direct_object	kristal	MINERAL	inanimate
268	Told you I was gonna	steal	that one.	Sudah kubilang aku akan mencuri kutipan itu.	TRUE	mencuri	GOODS-OBJ	GOODS-OBJ	verb	AV	AV	declarative	FALSE	TRUE	I	HUMAN	AV_gr_subj	animate	TRUE	AV_gr_subj	aku	HUMAN	animate	FALSE	NA	NA	NA	NA	NA	FALSE	NA	NA	NA	NA	NA	TRUE	direct_object	one	PRONOUN	inanimate	TRUE	direct_object	kutipan	ABSTRACTION	inanimate
271	Did my brother send you to	steal	the crown piece?	Apakah kakakku mengirim kamu untuk mencuri potongan mahkota?	TRUE	mencuri	GOODS-OBJ	GOODS-OBJ	verb	AV	AV	interrogative	FALSE	TRUE	you	HUMAN	AV_gr_subj_in_SubCl	animate	TRUE	AV_gr_subj	kamu	HUMAN	animate	FALSE	NA	NA	NA	NA	NA	FALSE	NA	NA	NA	NA	NA	TRUE	direct_object	piece	ORNAMENT	inanimate	TRUE	direct_object	potongan mahkota	ORNAMENT	inanimate
274	Two masked men came to	steal	the goods	Dua pria bertopeng datang mencuri barang	TRUE	mencuri	GOODS-OBJ	GOODS-OBJ	verb	AV	AV	declarative	FALSE	TRUE	men	HUMAN	AV_gr_subj	animate	TRUE	AV_gr_subj	pria	HUMAN	animate	FALSE	NA	NA	NA	NA	NA	FALSE	NA	NA	NA	NA	NA	TRUE	direct_object	goods	ASSETS	inanimate	TRUE	direct_object	barang	ASSETS	inanimate
275	"""- I break in, I"	steal	the jewels.	"""- Aku menerobos masuk, mencuri perhiasan itu"	TRUE	mencuri	GOODS-OBJ	GOODS-OBJ	verb	AV	AV	declarative	TRUE	TRUE	I	HUMAN	AV_gr_subj	animate	TRUE	AV_gr_subj	aku	HUMAN	animate	FALSE	NA	NA	NA	NA	NA	FALSE	NA	NA	NA	NA	NA	TRUE	direct_object	jewel	ORNAMENT	inanimate	TRUE	direct_object	perhiasan	ORNAMENT	inanimate
276	You are not going to	steal	the life of some innocent man.	Kau tak mungkin merenggut hidup orang tidak bersalah.	TRUE	merenggut	GOODS-OBJ	GOODS-OBJ	verb	AV	AV	declarative	FALSE	TRUE	you	HUMAN	AV_gr_subj	animate	TRUE	AV_gr_subj	kau	HUMAN	animate	TRUE	possessive_of-phrase	man	HUMAN	victim	animate	TRUE	possessive_determiner	orang	HUMAN	victim	animate	TRUE	direct_object	life	ABSTRACTION	inanimate	TRUE	direct_object	hidup	ABSTRACTION	inanimate
279	They came to	steal	the rice	Mereka datang untuk mencuri beras	TRUE	mencuri	GOODS-OBJ	GOODS-OBJ	verb	AV	AV	declarative	FALSE	TRUE	they	HUMAN	AV_gr_subj	animate	TRUE	AV_gr_subj	mereka	HUMAN	animate	FALSE	NA	NA	NA	NA	NA	FALSE	NA	NA	NA	NA	NA	TRUE	direct_object	rice	FOOD	inanimate	TRUE	direct_object	beras	FOOD	inanimate
281	How many should I tell him that he should say to	steal	the show.	Berapa banyak harus aku katakan padanya bahwa ia harus mengatakan untuk mencuri perhatian .	TRUE	mencuri	GOODS-OBJ	GOODS-OBJ	verb	AV	AV	declarative	FALSE	TRUE	he	HUMAN	AV_gr_subj	animate	TRUE	AV_gr_subj	ia	HUMAN	animate	FALSE	NA	NA	NA	NA	NA	FALSE	NA	NA	NA	NA	NA	TRUE	direct_object	show	ABSTRACTION	inanimate	TRUE	direct_object	perhatian	ABSTRACTION	inanimate
282	He was probably trying to	steal	the TV.	Mungkin mau mencuri TV.	TRUE	mencuri	GOODS-OBJ	GOODS-OBJ	verb	AV	AV	declarative	FALSE	TRUE	he	HUMAN	AV_gr_subj	animate	FALSE	NA	NA	NA	NA	FALSE	NA	NA	NA	NA	NA	FALSE	NA	NA	NA	NA	NA	TRUE	direct_object	TV	ELECTRONICS	inanimate	TRUE	direct_object	TV	ELECTRONICS	inanimate
283	The Fire Ferrets come from way behind and	steal	the win.	Fire Ferrets beranjak naik dan mencuri kemenangan!	TRUE	mencuri	GOODS-OBJ	GOODS-OBJ	verb	AV	AV	declarative	TRUE	TRUE	Fire Ferrets	HUMAN	AV_gr_subj	animate	TRUE	AV_gr_subj	Fire_Ferrets	HUMAN	animate	FALSE	NA	NA	NA	NA	NA	FALSE	NA	NA	NA	NA	NA	TRUE	direct_object	win	ABSTRACTION	inanimate	TRUE	direct_object	kemenangan	ABSTRACTION	inanimate
284	It is cookie for staff , and you rub frequently people beat them up and	steal	their money ..	Brutal untuk memulai. Orang-orang memukuli, mencuri uang mereka ..	TRUE	mencuri	GOODS-OBJ	GOODS-OBJ	verb	AV	AV	declarative	TRUE	TRUE	people	HUMAN	AV_gr_subj	animate	TRUE	AV_gr_subj	orang-orang	HUMAN	animate	TRUE	possessive_determiner	their	HUMAN	victim	animate	TRUE	possessive_determiner	mereka	HUMAN	victim	animate	TRUE	direct_object	money	ASSETS	inanimate	TRUE	direct_object	uang	ASSETS	inanimate
287	Otherwise they'll	steal	them themselves.	Kalau tidak mereka akan mencurinya sendiri.	TRUE	mencuri	GOODS-OBJ	GOODS-OBJ	verb	AV	AV	declarative	FALSE	TRUE	they	HUMAN	AV_gr_subj	animate	TRUE	AV_gr_subj	mereka	HUMAN	animate	FALSE	NA	NA	NA	NA	NA	FALSE	NA	NA	NA	NA	NA	TRUE	direct_object	them	PRONOUN	inanimate	TRUE	encliticised_direct_object	-nya	PRONOUN	inanimate
289	Did someone	steal	them?	Apakah seseorang mencuri mereka ?	TRUE	mencuri	GOODS-OBJ	GOODS-OBJ	verb	AV	AV	interrogative	FALSE	TRUE	someone	HUMAN	AV_gr_subj	animate	TRUE	AV_gr_subj	seseorang	HUMAN	animate	FALSE	NA	NA	NA	NA	NA	FALSE	NA	NA	NA	NA	NA	TRUE	direct_object	them	PRONOUN	inanimate	TRUE	direct_object	mereka	PRONOUN	inanimate
290	And you	steal	things.	Dan kau mencuri.	TRUE	mencuri	GOODS-OBJ	INTR	verb	AV	AV	declarative	TRUE	TRUE	you	HUMAN	AV_gr_subj	animate	TRUE	AV_gr_subj	kau	HUMAN	animate	FALSE	NA	NA	NA	NA	NA	FALSE	NA	NA	NA	NA	NA	TRUE	direct_object	thing	PRONOUN	inanimate	FALSE	NA	NA	NA	NA
291	I didn't	steal	this food.	Aku tidak mencuri makanannya	TRUE	mencuri	GOODS-OBJ	GOODS-OBJ	verb	AV	AV	declarative	FALSE	TRUE	I	HUMAN	AV_gr_subj	animate	TRUE	AV_gr_subj	aku	HUMAN	animate	FALSE	NA	NA	NA	NA	NA	FALSE	NA	NA	NA	NA	NA	TRUE	direct_object	food	FOOD	inanimate	TRUE	direct_object	makanan	FOOD	inanimate
294	Some bum's always trying to	steal	what's mine.	Beberapa gelandangan selalu berusaha untuk mencuri milikku.	TRUE	mencuri	GOODS-OBJ	GOODS-OBJ	verb	AV	AV	declarative	FALSE	TRUE	bum	HUMAN	AV_gr_subj	animate	TRUE	AV_gr_subj	gelandangan	HUMAN	animate	TRUE	possessive_determiner	mine	HUMAN	victim	animate	TRUE	possessive_determiner	-ku	HUMAN	victim	animate	TRUE	direct_object	what	PRONOUN	inanimate	TRUE	direct_object	milik	ASSETS	inanimate
296	If you take one more step towards me... I'm going to	steal	you from Chan Young!	Jika kau melangkah selangkah lagi aku akan merebutmu dari Yoon Chan Young!	TRUE	merebut	GOODS-OBJ	GOODS-OBJ	verb	AV	AV	declarative	FALSE	TRUE	I	HUMAN	AV_gr_subj	animate	TRUE	AV_gr_subj	aku	HUMAN	animate	TRUE	pp_complement	Chan Young	HUMAN	victim	animate	TRUE	pp_complement	Chan Young	HUMAN	victim	animate	TRUE	direct_object	you	HUMAN	animate	TRUE	encliticised_direct_object	-mu	HUMAN	animate
299	Anybody can go on your page and	steal	your photos to create a fake account.	Tiap orang bisa mengaku sebagai dirimu. dan mencuri fotomu, untuk membuat akun palsu.	TRUE	mencuri	GOODS-OBJ	GOODS-OBJ	verb	AV	AV	declarative	FALSE	TRUE	anybody	HUMAN	AV_gr_subj	animate	TRUE	AV_gr_subj	orang	HUMAN	animate	TRUE	possessive_determiner	your	HUMAN	victim	animate	TRUE	possessive_determiner	-mu	HUMAN	victim	animate	TRUE	direct_object	photo	DOCUMENT	inanimate	TRUE	direct_object	foto	DOCUMENT	inanimate
